user_id,employee_name,login_count,usb_events,email_count,attachment_count,file_access_count,website_count,O,C,E,A,N,after_hours_login
AAE0190,August Armando Evans,7,0.0,16.0,4.0,0.0,0.0,36.0,30.0,14.0,50.0,29.0,3.0
AAF0535,Athena Amelia Foreman,8,24.0,3.0,4.0,12.0,0.0,17.0,21.0,36.0,33.0,31.0,0.0
AAF0791,Aladdin Abraham Foley,7,0.0,9.0,0.0,0.0,0.0,14.0,40.0,40.0,50.0,34.0,0.0
AAL0706,April Alika Levy,8,0.0,1.0,0.0,0.0,0.0,37.0,14.0,28.0,13.0,25.0,4.0
AAM0658,Abel Adam Morton,7,0.0,3.0,3.0,0.0,0.0,43.0,35.0,37.0,36.0,22.0,3.0
AAN0823,Anthony Aidan Nixon,7,0.0,1.0,0.0,0.0,0.0,24.0,16.0,45.0,24.0,28.0,3.0
AAS0442,Amal Alexander Shelton,12,0.0,3.0,3.0,0.0,0.0,36.0,43.0,22.0,22.0,31.0,1.0
AAV0450,Aspen Amber Vinson,7,0.0,1.0,0.0,0.0,0.0,44.0,24.0,36.0,41.0,33.0,5.0
AAW0353,Armando Albert Walter,7,0.0,4.0,0.0,0.0,0.0,49.0,45.0,19.0,25.0,34.0,4.0
ABC0174,Allegra Bree Coffey,15,38.0,41.0,10.0,20.0,171.0,15.0,41.0,34.0,13.0,32.0,5.0
ABC0253,Alec Boris Chase,12,0.0,16.0,6.0,0.0,5.0,21.0,15.0,41.0,30.0,28.0,4.0
ABH0663,Alan Benjamin Holder,8,0.0,3.0,3.0,0.0,5.0,47.0,49.0,41.0,11.0,34.0,4.0
ABM0845,Ariel Bertha Murphy,10,0.0,1.0,0.0,0.0,0.0,45.0,21.0,35.0,50.0,29.0,3.0
ABN0239,Amaya Britanni Newton,11,0.0,9.0,4.0,0.0,0.0,21.0,37.0,20.0,39.0,25.0,4.0
ACC0042,Alfonso Colin Cooley,30,0.0,11.0,8.0,0.0,9.0,23.0,19.0,37.0,20.0,31.0,23.0
ACV0812,Alden Caesar Velez,15,0.0,9.0,2.0,0.0,0.0,42.0,37.0,12.0,45.0,28.0,9.0
ADC0391,Axel Donovan Compton,10,0.0,12.0,9.0,0.0,0.0,50.0,43.0,40.0,33.0,38.0,4.0
ADD0846,Aretha Dorothy Deleon,7,0.0,1.0,0.0,0.0,0.0,18.0,19.0,25.0,12.0,35.0,3.0
ADF0397,Ariana Doris Frazier,7,0.0,14.0,2.0,0.0,0.0,39.0,16.0,10.0,40.0,35.0,5.0
AES0827,Addison Edward Snyder,7,0.0,1.0,0.0,0.0,0.0,39.0,40.0,34.0,38.0,23.0,3.0
AGB0186,Alfonso Gage Blankenship,7,0.0,3.0,0.0,0.0,0.0,18.0,10.0,41.0,15.0,35.0,7.0
AGB0643,Armand Gabriel Brewer,7,0.0,3.0,0.0,0.0,0.0,32.0,39.0,20.0,44.0,27.0,3.0
AHC0142,Azalia Halee Cantu,13,0.0,18.0,7.0,0.0,102.0,34.0,23.0,40.0,15.0,26.0,5.0
AHD0848,Aladdin Hu Day,11,6.0,1.0,2.0,9.0,0.0,24.0,30.0,49.0,16.0,30.0,3.0
AHG0634,Amir Hayden Gray,13,0.0,3.0,0.0,0.0,0.0,31.0,36.0,42.0,41.0,27.0,3.0
AHM0410,Addison Hiram Morrow,11,20.0,10.0,8.0,41.0,0.0,34.0,43.0,15.0,18.0,26.0,3.0
AIB0948,Ariel Ina Barrett,13,135.0,1.0,0.0,16.0,1.0,42.0,31.0,27.0,20.0,31.0,6.0
AIH0675,Aline Iris Hurst,8,0.0,9.0,2.0,0.0,0.0,25.0,39.0,38.0,40.0,37.0,2.0
AIM0627,Adam Ishmael Mcdaniel,8,0.0,15.0,0.0,0.0,0.0,36.0,39.0,16.0,41.0,23.0,1.0
AIP0394,Anika Isabella Pennington,10,0.0,8.0,8.0,0.0,0.0,17.0,16.0,38.0,14.0,26.0,5.0
AIP0982,Althea Ina Palmer,10,16.0,14.0,6.0,117.0,2.0,43.0,20.0,43.0,41.0,33.0,5.0
AIS0405,Amaya Iola Sawyer,7,0.0,9.0,7.0,0.0,0.0,40.0,45.0,14.0,37.0,35.0,5.0
AJC0840,Anne Jane Carey,7,0.0,1.0,0.0,0.0,0.0,14.0,24.0,19.0,33.0,37.0,3.0
AJD0074,Alden Jesse Day,12,6.0,10.0,6.0,8.0,25.0,19.0,37.0,45.0,22.0,34.0,4.0
AJF0370,Arthur John Floyd,43,201.0,21.0,17.0,223.0,0.0,37.0,33.0,11.0,15.0,36.0,29.0
AJH0175,Aurora Jael Hopkins,10,2.0,15.0,2.0,0.0,3.0,19.0,19.0,16.0,33.0,37.0,6.0
AJL0462,Akeem Jerry Lopez,12,0.0,1.0,2.0,0.0,0.0,16.0,24.0,44.0,31.0,28.0,6.0
AJN0607,Armand Jasper Nicholson,15,43.0,15.0,21.0,21.0,0.0,45.0,42.0,16.0,47.0,23.0,1.0
AJP0723,Ann Jolie Potts,8,0.0,2.0,0.0,0.0,1.0,24.0,29.0,17.0,12.0,29.0,4.0
AJR0319,Arthur Jacob Raymond,16,0.0,45.0,26.0,0.0,324.0,40.0,13.0,37.0,16.0,24.0,6.0
AJR0932,Amal Judah Rich,8,0.0,9.0,0.0,0.0,10.0,46.0,30.0,35.0,12.0,29.0,4.0
AKC0924,Amena Karyn Christian,7,0.0,9.0,3.0,0.0,0.0,40.0,44.0,35.0,37.0,27.0,3.0
AKF0709,Amity Kendall Foley,8,0.0,1.0,0.0,0.0,1.0,42.0,31.0,29.0,22.0,32.0,4.0
AKH0758,Adam Kendall Harrell,8,0.0,3.0,2.0,0.0,0.0,24.0,38.0,40.0,37.0,27.0,0.0
AKK0329,Anastasia Kylan Kaufman,7,0.0,3.0,3.0,0.0,2.0,45.0,22.0,25.0,39.0,22.0,7.0
AKR0057,Aurora Katell Rhodes,10,31.0,9.0,0.0,9.0,0.0,50.0,41.0,20.0,18.0,30.0,4.0
AKW0167,Arsenio Kato Wilder,8,0.0,11.0,0.0,0.0,2.0,38.0,38.0,20.0,14.0,35.0,4.0
ALB0892,Arthur Lucian Bonner,11,0.0,9.0,3.0,0.0,58.0,25.0,19.0,44.0,22.0,30.0,5.0
ALC0788,Amy Lucy Chen,7,0.0,3.0,1.0,0.0,0.0,34.0,18.0,15.0,36.0,35.0,3.0
ALD0529,Alma Leila Duncan,11,0.0,3.0,3.0,0.0,0.0,35.0,21.0,19.0,21.0,27.0,0.0
ALD0544,Ayanna Leandra Dunlap,7,0.0,9.0,14.0,0.0,0.0,16.0,18.0,18.0,13.0,32.0,3.0
ALH0402,Adena Lisandra Hardin,7,0.0,10.0,8.0,0.0,0.0,43.0,23.0,43.0,46.0,32.0,4.0
AMD0077,Ainsley MacKensie Doyle,8,0.0,29.0,12.0,0.0,0.0,23.0,19.0,12.0,25.0,25.0,4.0
AMH0464,Alfreda Morgan Holloway,7,0.0,1.0,0.0,0.0,0.0,45.0,16.0,42.0,37.0,21.0,4.0
AMH0794,Ali Murphy Hurley,7,0.0,9.0,7.0,0.0,0.0,43.0,42.0,33.0,40.0,31.0,0.0
AMJ0297,Albert Mohammad Joseph,7,0.0,1.0,0.0,0.0,0.0,16.0,43.0,50.0,18.0,28.0,1.0
AMM0014,Alec Mannix Mcneil,7,0.0,18.0,0.0,0.0,7.0,48.0,38.0,15.0,44.0,36.0,7.0
AMR0318,Axel Malik Rosa,11,6.0,17.0,3.0,0.0,1.0,45.0,50.0,17.0,25.0,21.0,4.0
AMR0400,Aurelia Martina Reese,7,0.0,10.0,0.0,0.0,0.0,19.0,16.0,47.0,28.0,28.0,5.0
AMV0036,Aquila Mark Vega,8,0.0,14.0,0.0,0.0,4.0,43.0,36.0,42.0,37.0,26.0,4.0
AMW0392,Alea Maggie Whitfield,15,0.0,26.0,5.0,0.0,180.0,47.0,47.0,22.0,44.0,26.0,8.0
ANM0123,Astra Nicole Maldonado,9,23.0,17.0,7.0,13.0,0.0,22.0,15.0,16.0,21.0,26.0,3.0
ANP0555,Alexa Nadine Poole,7,0.0,9.0,0.0,0.0,0.0,13.0,40.0,42.0,23.0,28.0,4.0
ANT0430,Amaya Noelle Terrell,11,0.0,9.0,9.0,0.0,0.0,12.0,19.0,23.0,48.0,31.0,1.0
AOB0019,Azalia Orli Beach,7,0.0,21.0,8.0,0.0,0.0,11.0,17.0,13.0,24.0,28.0,2.0
AOK0844,Armand Odysseus Key,15,16.0,3.0,3.0,15.0,20.0,11.0,30.0,44.0,26.0,31.0,5.0
AOS0987,Alice Orli Stout,13,0.0,9.0,4.0,0.0,0.0,16.0,32.0,40.0,30.0,27.0,3.0
APG0307,Aaron Porter Gutierrez,7,0.0,1.0,2.0,0.0,0.0,43.0,39.0,36.0,43.0,22.0,1.0
AQD0820,Akeem Quamar Davenport,7,0.0,9.0,4.0,0.0,0.0,41.0,31.0,27.0,24.0,39.0,3.0
ARA0252,Alexander Rafael Arnold,12,0.0,9.0,6.0,0.0,0.0,39.0,39.0,27.0,21.0,35.0,1.0
ARB0834,Amelia Rhoda Burgess,7,0.0,1.0,0.0,0.0,0.0,40.0,42.0,40.0,49.0,26.0,3.0
ARB0881,Abel Reese Boone,7,0.0,3.0,3.0,0.0,0.0,38.0,46.0,43.0,10.0,35.0,3.0
ARD0509,Abdul Ralph Deleon,8,0.0,0.0,0.0,0.0,0.0,50.0,40.0,35.0,32.0,32.0,0.0
ARL0034,August Ronan Lucas,8,0.0,17.0,6.0,0.0,0.0,41.0,39.0,27.0,21.0,26.0,4.0
ASB0796,Ayanna Sylvia Blankenship,7,0.0,9.0,6.0,0.0,0.0,30.0,40.0,23.0,38.0,34.0,0.0
ASD0577,Aquila Stewart Dejesus,7,0.0,1.0,0.0,0.0,0.0,40.0,48.0,36.0,14.0,37.0,3.0
ASG0048,Alec Scott Goff,8,0.0,11.0,8.0,0.0,0.0,41.0,36.0,19.0,24.0,37.0,1.0
ASG0692,Anastasia Sage Griffith,7,0.0,9.0,4.0,0.0,0.0,26.0,40.0,41.0,23.0,27.0,3.0
ASL0378,Axel Seth Lewis,11,0.0,9.0,3.0,0.0,0.0,15.0,15.0,41.0,21.0,27.0,1.0
ASM0575,Aurora Sarah Manning,11,0.0,1.0,2.0,0.0,0.0,42.0,25.0,21.0,45.0,30.0,3.0
ASS0206,Ashely Sarah Shields,8,0.0,14.0,0.0,0.0,8.0,12.0,18.0,20.0,28.0,30.0,4.0
ASS0517,Alfreda Sierra Savage,11,0.0,3.0,2.0,0.0,0.0,36.0,35.0,47.0,44.0,32.0,0.0
ASV0946,Alice Sierra Valenzuela,11,0.0,2.0,2.0,0.0,0.0,35.0,12.0,46.0,17.0,26.0,4.0
ATE0869,Aquila Tanner Ellison,15,14.0,46.0,21.0,27.0,309.0,13.0,15.0,40.0,44.0,33.0,7.0
ATF0274,Alea Tana Ferrell,7,0.0,8.0,6.0,0.0,0.0,20.0,45.0,48.0,27.0,28.0,4.0
ATP0662,Aurora Tatiana Payne,13,12.0,14.0,12.0,28.0,0.0,17.0,16.0,41.0,20.0,39.0,5.0
AVM0947,Ayanna Vivian Murray,8,127.0,0.0,0.0,158.0,2.0,10.0,25.0,30.0,44.0,39.0,4.0
AWM0764,Akeem William Mayer,8,0.0,3.0,0.0,0.0,0.0,47.0,37.0,39.0,42.0,36.0,0.0
BAH0875,Brianna Aretha Hopper,9,0.0,19.0,2.0,0.0,1.0,43.0,19.0,26.0,17.0,30.0,6.0
BAJ0654,Brock Aladdin Joyce,7,10.0,3.0,3.0,103.0,0.0,36.0,10.0,47.0,10.0,41.0,3.0
BAK0964,Beatrice Alexis Kidd,8,0.0,1.0,0.0,0.0,3.0,25.0,16.0,22.0,18.0,28.0,4.0
BAL0044,Byron Armand Livingston,28,52.0,11.0,7.0,55.0,10.0,14.0,41.0,26.0,44.0,30.0,20.0
BAM0611,Brielle Aubrey Marks,10,0.0,19.0,16.0,0.0,0.0,25.0,30.0,39.0,23.0,25.0,1.0
BAM0636,Brenda Alika Matthews,7,0.0,3.0,0.0,0.0,0.0,13.0,40.0,46.0,42.0,39.0,3.0
BBG0325,Blair Bruno Grimes,10,16.0,15.0,8.0,6.0,2.0,41.0,50.0,30.0,37.0,40.0,4.0
BBH0810,Bruno Beau Hoover,7,0.0,12.0,0.0,0.0,0.0,40.0,25.0,10.0,21.0,32.0,3.0
BBS0039,Bevis Brady Sheppard,22,0.0,11.0,5.0,0.0,7.0,44.0,37.0,34.0,21.0,40.0,16.0
BBS0422,Buckminster Benjamin Swanson,7,7.0,9.0,4.0,9.0,4.0,39.0,42.0,29.0,41.0,18.0,4.0
BCB0679,Buckminster Connor Bush,12,0.0,9.0,11.0,0.0,0.0,46.0,36.0,39.0,31.0,31.0,1.0
BCM0653,Bevis Christopher Mcknight,7,0.0,3.0,3.0,0.0,0.0,45.0,34.0,41.0,18.0,31.0,3.0
BCR0581,Bruno Carter Robles,12,0.0,1.0,2.0,0.0,0.0,20.0,11.0,34.0,36.0,30.0,3.0
BDB0453,Brett Damian Beck,9,0.0,1.0,0.0,0.0,0.0,41.0,42.0,27.0,41.0,26.0,7.0
BDI0533,Bruno Donovan Ingram,15,43.0,9.0,6.0,49.0,60.0,37.0,36.0,15.0,41.0,19.0,0.0
BDV0168,Blair Deborah Vaughn,8,0.0,26.0,7.0,0.0,2.0,45.0,31.0,19.0,21.0,31.0,4.0
BEC0505,Bruce Eden Clemons,7,0.0,16.0,6.0,0.0,0.0,35.0,21.0,30.0,19.0,32.0,0.0
BEH0615,Barclay Eaton Hensley,10,12.0,30.0,22.0,1.0,1.0,24.0,20.0,50.0,22.0,26.0,2.0
BER0314,Bianca Elizabeth Roach,8,0.0,10.0,0.0,0.0,4.0,23.0,20.0,18.0,19.0,32.0,4.0
BHC0665,Blaine Helen Cervantes,10,0.0,11.0,15.0,0.0,0.0,14.0,21.0,12.0,12.0,32.0,0.0
BHW0458,Beau Hall Watts,7,0.0,1.0,0.0,0.0,0.0,36.0,32.0,28.0,30.0,29.0,4.0
BIH0745,Benjamin Ignatius Hooper,8,0.0,15.0,22.0,0.0,0.0,43.0,39.0,50.0,27.0,25.0,2.0
BIS0247,Bryar Ivana Sweet,13,0.0,9.0,7.0,0.0,0.0,36.0,19.0,18.0,39.0,37.0,4.0
BJH0354,Bert Jason Henderson,7,0.0,14.0,0.0,0.0,0.0,22.0,21.0,31.0,20.0,36.0,0.0
BJH0811,Blaze Jakeem Hahn,7,0.0,9.0,0.0,0.0,0.0,48.0,39.0,44.0,14.0,40.0,3.0
BJM0111,Bell Jorden Martinez,9,121.0,3.0,4.0,138.0,0.0,22.0,24.0,39.0,41.0,19.0,4.0
BJP0134,Beck John Peters,10,124.0,1.0,0.0,146.0,0.0,42.0,17.0,44.0,21.0,39.0,2.0
BJW0619,Blaine Jelani Weeks,8,0.0,28.0,3.0,0.0,0.0,30.0,43.0,47.0,21.0,39.0,2.0
BKW0374,Blossom Keiko Weiss,30,0.0,10.0,7.0,0.0,0.0,41.0,38.0,17.0,46.0,27.0,18.0
BLB0114,Brent Laith Beck,12,0.0,9.0,5.0,0.0,0.0,38.0,48.0,41.0,15.0,22.0,3.0
BLL0929,Bethany Lydia Lyons,8,0.0,9.0,2.0,0.0,20.0,44.0,49.0,10.0,41.0,39.0,4.0
BLS0678,Benjamin Lewis Sweeney,11,0.0,10.0,7.0,0.0,0.0,35.0,17.0,43.0,28.0,31.0,2.0
BMC0547,Britanni Marah Cash,7,0.0,14.0,0.0,0.0,0.0,41.0,18.0,22.0,21.0,35.0,3.0
BMG0917,Beverly Melissa Garner,9,126.0,9.0,3.0,148.0,0.0,43.0,36.0,41.0,23.0,34.0,3.0
BMM0112,Barry Martin Mason,7,0.0,3.0,2.0,0.0,0.0,40.0,36.0,24.0,40.0,25.0,3.0
BMS0877,Brynn Madeline Sherman,7,0.0,19.0,12.0,0.0,4.0,31.0,50.0,11.0,43.0,33.0,4.0
BMT0528,Brittany Mona Terry,10,33.0,3.0,4.0,31.0,0.0,33.0,25.0,39.0,25.0,30.0,0.0
BNG0237,Brian Nathaniel Greer,10,0.0,11.0,17.0,0.0,0.0,39.0,36.0,36.0,47.0,27.0,3.0
BNR0965,Basia Nevada Riggs,11,0.0,1.0,2.0,0.0,2.0,47.0,19.0,15.0,20.0,22.0,4.0
BQS0525,Britanney Quail Snyder,13,184.0,9.0,6.0,13.0,54.0,42.0,38.0,19.0,45.0,30.0,0.0
BRB0355,Burke Randall Burnett,17,50.0,29.0,14.0,16.0,200.0,33.0,21.0,37.0,19.0,29.0,0.0
BRM0995,Brianna Rebecca Mcintyre,10,126.0,9.0,10.0,11.0,0.0,20.0,11.0,32.0,26.0,40.0,3.0
BRS0734,Burke Rooney Stafford,9,34.0,24.0,12.0,151.0,162.0,32.0,39.0,47.0,10.0,30.0,1.0
BSA0431,Blossom Scarlett Aguirre,8,0.0,9.0,3.0,0.0,0.0,50.0,41.0,19.0,40.0,29.0,2.0
BSB0990,Bruce Sawyer Barrera,8,0.0,9.0,4.0,0.0,20.0,34.0,44.0,13.0,43.0,37.0,4.0
BSH0445,Bethany Stephanie Haynes,8,0.0,13.0,12.0,0.0,0.0,38.0,22.0,30.0,15.0,21.0,1.0
BSS0369,Brenden Samuel Shaffer,38,233.0,20.0,3.0,112.0,120.0,39.0,42.0,34.0,14.0,32.0,22.0
BSS0463,Bruno Stewart Silva,7,0.0,1.0,2.0,0.0,0.0,32.0,40.0,40.0,38.0,28.0,4.0
BTL0226,Bernard Tobias Landry,9,0.0,14.0,10.0,0.0,0.0,36.0,44.0,37.0,38.0,31.0,4.0
BTL0722,Blair Todd Long,8,0.0,1.0,0.0,0.0,1.0,39.0,41.0,36.0,17.0,49.0,4.0
BTN0061,Benjamin Tyrone Norman,12,0.0,9.0,9.0,0.0,0.0,42.0,21.0,22.0,20.0,22.0,5.0
BTR0403,Beck Troy Richards,12,18.0,11.0,3.0,5.0,0.0,47.0,47.0,21.0,17.0,28.0,5.0
BTS0011,Blaze Trevor Stone,8,0.0,28.0,11.0,0.0,15.0,25.0,42.0,16.0,25.0,29.0,4.0
BTW0005,Byron Tyrone Williamson,10,0.0,43.0,29.0,0.0,26.0,33.0,39.0,18.0,18.0,27.0,4.0
BVC0790,Blythe Veda Cooke,17,30.0,18.0,19.0,14.0,95.0,24.0,18.0,18.0,36.0,38.0,6.0
BVN0514,Buffy Vivien Nichols,8,0.0,3.0,3.0,0.0,0.0,36.0,23.0,30.0,23.0,22.0,0.0
BWH0813,Brock William Hunter,7,0.0,9.0,9.0,0.0,0.0,36.0,36.0,33.0,20.0,30.0,3.0
BWP0202,Baxter William Price,12,9.0,11.0,6.0,14.0,10.0,20.0,36.0,15.0,25.0,28.0,4.0
BXJ0010,Bethany Xerxes Johnson,7,0.0,18.0,0.0,0.0,0.0,46.0,24.0,30.0,35.0,34.0,4.0
BYP0070,Bertha Yetta Parrish,7,0.0,13.0,0.0,0.0,0.0,30.0,19.0,41.0,21.0,33.0,3.0
CAA0612,Chelsea Aspen Allen,11,10.0,15.0,9.0,26.0,0.0,20.0,41.0,32.0,42.0,31.0,2.0
CAB0388,Cedric Alexander Bowers,12,0.0,9.0,9.0,0.0,0.0,37.0,33.0,23.0,40.0,36.0,1.0
CAB0614,Cora Aurora Buckner,12,20.0,32.0,17.0,14.0,0.0,17.0,38.0,22.0,12.0,34.0,2.0
CAC0889,Caesar Allen Cash,7,0.0,3.0,0.0,0.0,0.0,46.0,49.0,32.0,41.0,27.0,3.0
CAH0936,Constance Audrey Hicks,13,0.0,8.0,2.0,0.0,14.0,40.0,22.0,39.0,50.0,24.0,6.0
CAM0102,Chandler Ashton Madden,7,0.0,12.0,0.0,0.0,10.0,31.0,44.0,19.0,15.0,27.0,4.0
CAM0681,Cole Aaron Mcfarland,10,20.0,9.0,11.0,18.0,0.0,41.0,43.0,45.0,10.0,28.0,3.0
CAN0842,Chadwick Armand Nunez,7,0.0,1.0,0.0,0.0,0.0,38.0,41.0,22.0,39.0,29.0,3.0
CAS0507,Carla Amelia Shannon,16,24.0,3.0,2.0,159.0,0.0,14.0,46.0,33.0,11.0,25.0,0.0
CBB0365,Cain Byron Baldwin,31,0.0,11.0,11.0,0.0,0.0,37.0,17.0,20.0,41.0,33.0,12.0
CBG0398,Courtney Brynn Garrett,7,0.0,9.0,3.0,0.0,0.0,40.0,21.0,41.0,10.0,24.0,4.0
CBG0490,Callum Brendan Gonzalez,7,0.0,14.0,7.0,0.0,0.0,50.0,31.0,35.0,10.0,29.0,0.0
CCA0046,Cyrus Connor Atkinson,20,32.0,11.0,11.0,36.0,3.0,36.0,43.0,25.0,15.0,28.0,14.0
CCC0393,Chaim Chadwick Chang,7,0.0,7.0,0.0,0.0,1.0,35.0,30.0,40.0,16.0,26.0,4.0
CCH0182,Clayton Clark Humphrey,7,0.0,3.0,2.0,0.0,1.0,42.0,44.0,47.0,23.0,29.0,7.0
CCH0685,Cora Clementine Higgins,10,0.0,9.0,10.0,0.0,0.0,47.0,24.0,42.0,34.0,29.0,3.0
CCL0068,Camilla Camille Leach,7,34.0,15.0,3.0,16.0,0.0,13.0,16.0,23.0,19.0,23.0,4.0
CCM0136,Cailin Casey Mckee,11,4.0,1.0,2.0,0.0,0.0,16.0,16.0,39.0,40.0,29.0,2.0
CCM0467,Chester Caldwell Mendoza,7,0.0,1.0,0.0,0.0,0.0,43.0,40.0,19.0,26.0,25.0,3.0
CCM0855,Chanda Celeste Mosley,7,0.0,15.0,2.0,0.0,6.0,31.0,24.0,19.0,36.0,29.0,4.0
CCR0863,Charde Cynthia Rasmussen,7,0.0,15.0,0.0,0.0,7.0,20.0,30.0,37.0,14.0,29.0,4.0
CCW0031,Clinton Coby Wolfe,8,0.0,22.0,22.0,0.0,6.0,33.0,47.0,30.0,39.0,33.0,4.0
CCW0524,Camilla Claire Whitehead,8,0.0,3.0,3.0,0.0,0.0,40.0,25.0,20.0,21.0,25.0,0.0
CEB0210,Colin Evan Brown,8,0.0,27.0,9.0,0.0,3.0,42.0,24.0,44.0,23.0,34.0,4.0
CEJ0109,Casey Edward Joyce,7,24.0,10.0,0.0,17.0,0.0,21.0,46.0,17.0,17.0,32.0,3.0
CEL0561,Calvin Edan Love,10,0.0,9.0,3.0,0.0,0.0,40.0,39.0,36.0,19.0,40.0,2.0
CFG0959,Cassidy Florence Gibbs,10,0.0,1.0,0.0,0.0,1.0,42.0,21.0,24.0,17.0,20.0,6.0
CFM0767,Cecilia Freya Morgan,13,16.0,3.0,0.0,10.0,0.0,46.0,23.0,22.0,35.0,29.0,0.0
CFW0264,Carl Ferdinand Wong,8,0.0,9.0,0.0,0.0,12.0,19.0,32.0,17.0,20.0,27.0,4.0
CGA0629,Cullen Gary Adams,8,0.0,15.0,0.0,0.0,0.0,36.0,35.0,24.0,49.0,28.0,1.0
CGB0637,Claudia Galena Baldwin,11,48.0,1.0,0.0,39.0,0.0,20.0,20.0,15.0,20.0,29.0,3.0
CGF0337,Chaim Grant Fernandez,7,0.0,3.0,0.0,0.0,2.0,32.0,30.0,43.0,15.0,31.0,7.0
CHG0146,Cedric Herrod Gilliam,8,0.0,13.0,6.0,0.0,0.0,40.0,20.0,39.0,19.0,35.0,0.0
CHM0821,Carter Harrison Maldonado,12,8.0,1.0,2.0,22.0,0.0,48.0,11.0,39.0,19.0,23.0,3.0
CIG0052,Chastity Ima Gibson,7,0.0,16.0,3.0,0.0,0.0,17.0,45.0,17.0,16.0,24.0,0.0
CIM0271,Colt Ishmael Mccall,10,31.0,18.0,16.0,31.0,5.0,24.0,27.0,10.0,20.0,38.0,4.0
CIM0926,Caldwell Ian Maxwell,7,0.0,9.0,0.0,0.0,0.0,31.0,25.0,41.0,17.0,31.0,3.0
CJC0494,Caleb Jonas Chang,7,0.0,15.0,10.0,0.0,0.0,40.0,39.0,39.0,42.0,42.0,0.0
CJF0802,Camille Julie Freeman,13,0.0,10.0,12.0,0.0,0.0,36.0,39.0,38.0,43.0,21.0,0.0
CJG0470,Callum Jasper Gilmore,7,0.0,2.0,0.0,0.0,0.0,44.0,45.0,22.0,32.0,24.0,3.0
CJH0702,Calvin Jarrod Hood,8,0.0,1.0,0.0,0.0,0.0,46.0,24.0,30.0,25.0,37.0,4.0
CJK0200,Cora Jane Kinney,8,0.0,12.0,0.0,0.0,8.0,40.0,29.0,24.0,38.0,31.0,4.0
CJM0138,Colorado Joel Merrill,7,0.0,1.0,2.0,0.0,0.0,10.0,40.0,21.0,17.0,23.0,2.0
CJM0521,Cleo Jeanette Morales,11,0.0,8.0,3.0,0.0,58.0,13.0,18.0,37.0,18.0,24.0,0.0
CJP0952,Cody Jonathan Potter,11,0.0,1.0,2.0,0.0,1.0,45.0,18.0,25.0,18.0,27.0,4.0
CJV0286,Colorado John Valentine,9,0.0,3.0,4.0,0.0,0.0,18.0,14.0,17.0,13.0,26.0,3.0
CKB0427,Cathleen Kelsey Burke,8,0.0,12.0,10.0,0.0,0.0,38.0,38.0,36.0,43.0,37.0,1.0
CKB0482,Colton Kaseem Bolton,7,0.0,15.0,0.0,0.0,0.0,36.0,48.0,37.0,46.0,25.0,0.0
CKD0680,Cheyenne Kay Dickerson,8,0.0,9.0,12.0,0.0,5.0,18.0,50.0,24.0,18.0,28.0,2.0
CKH0144,Chloe Keiko Holland,7,0.0,18.0,10.0,0.0,17.0,34.0,22.0,22.0,35.0,30.0,4.0
CKP0721,Colt Kendall Perez,8,0.0,1.0,0.0,0.0,0.0,40.0,39.0,39.0,13.0,32.0,4.0
CLB0774,Charde Lareina Barrett,10,138.0,3.0,0.0,116.0,0.0,49.0,23.0,22.0,17.0,31.0,2.0
CLD0894,Cheyenne Lesley Dominguez,7,0.0,3.0,0.0,0.0,0.0,19.0,21.0,50.0,16.0,36.0,3.0
CLF0852,Candice Lunea Fischer,13,0.0,25.0,13.0,0.0,3.0,36.0,45.0,28.0,18.0,26.0,5.0
CLH0703,Colin Lawrence Holder,8,0.0,0.0,0.0,0.0,0.0,48.0,41.0,47.0,28.0,29.0,4.0
CLS0296,Chiquita Linda Stokes,7,0.0,1.0,0.0,0.0,0.0,27.0,16.0,25.0,18.0,33.0,2.0
CMB0912,Caleb Mason Ball,18,0.0,31.0,17.0,0.0,144.0,46.0,43.0,16.0,22.0,31.0,7.0
CMM0487,Cora Maisie Mclean,7,0.0,16.0,0.0,0.0,0.0,39.0,22.0,42.0,40.0,30.0,0.0
CMS0454,Cameran Madonna Shepard,7,0.0,1.0,0.0,0.0,0.0,43.0,23.0,28.0,15.0,25.0,4.0
CMW0783,Castor Mark Wolf,8,0.0,3.0,0.0,0.0,0.0,21.0,35.0,14.0,16.0,26.0,0.0
CNB0900,Colton Nathan Barber,7,0.0,3.0,0.0,0.0,0.0,34.0,43.0,38.0,16.0,27.0,3.0
CNE0352,Cameron Noel Elliott,8,0.0,23.0,8.0,0.0,0.0,39.0,22.0,44.0,15.0,30.0,2.0
CNM0800,Charissa Nyssa Mcgee,8,0.0,9.0,9.0,0.0,0.0,32.0,11.0,40.0,38.0,24.0,0.0
COF0120,Clio Ocean Faulkner,7,0.0,10.0,6.0,0.0,0.0,14.0,12.0,38.0,13.0,35.0,3.0
COM0321,Claire Olivia Martin,8,0.0,15.0,0.0,0.0,2.0,38.0,18.0,34.0,18.0,27.0,4.0
CPG0322,Connor Phelan Guerra,12,4.0,18.0,17.0,12.0,0.0,17.0,13.0,19.0,24.0,36.0,4.0
CQH0701,Caldwell Quamar Head,11,4.0,0.0,0.0,9.0,0.0,35.0,50.0,39.0,50.0,32.0,4.0
CQH0730,Cassady Quincy Hampton,8,0.0,18.0,3.0,0.0,0.0,21.0,18.0,37.0,49.0,27.0,2.0
CQW0652,Chastity Quyn Wilkerson,7,18.0,3.0,0.0,9.0,0.0,10.0,22.0,48.0,20.0,33.0,3.0
CRD0624,Christine Reagan Deleon,10,0.0,18.0,3.0,0.0,0.0,26.0,22.0,17.0,39.0,32.0,4.0
CRK0916,Chandler Raymond Kirk,9,0.0,10.0,3.0,0.0,0.0,32.0,46.0,26.0,19.0,32.0,3.0
CRO0027,Cathleen Risa Oneal,11,0.0,9.0,5.0,0.0,0.0,19.0,30.0,28.0,46.0,26.0,3.0
CRP0456,Cade Rajah Patterson,7,0.0,1.0,2.0,0.0,0.0,37.0,41.0,28.0,43.0,30.0,4.0
CSB0080,Catherine Savannah Bullock,8,0.0,12.0,0.0,0.0,0.0,35.0,19.0,39.0,34.0,36.0,1.0
CSC0217,Cathleen Samantha Craig,30,0.0,13.0,0.0,0.0,2.0,40.0,15.0,30.0,38.0,28.0,22.0
CSH0626,Colin Stuart Holloway,12,0.0,14.0,13.0,0.0,0.0,33.0,17.0,41.0,18.0,23.0,3.0
CSJ0340,Charity Stacey Jennings,7,0.0,4.0,4.0,0.0,5.0,45.0,24.0,19.0,38.0,25.0,7.0
CSL0949,Cameron Shay Lester,8,0.0,1.0,0.0,0.0,1.0,36.0,20.0,18.0,25.0,28.0,4.0
CSP0197,Callum Scott Parrish,13,0.0,12.0,7.0,0.0,0.0,37.0,44.0,17.0,13.0,26.0,3.0
CTA0020,Curran Tarik Ayala,9,130.0,11.0,5.0,7.0,0.0,36.0,50.0,11.0,22.0,34.0,5.0
CTR0341,Cairo Theodore Robles,15,0.0,9.0,5.0,0.0,61.0,45.0,39.0,23.0,13.0,28.0,11.0
CTR0697,Cherokee Tashya Ramirez,11,0.0,2.0,0.0,0.0,1.0,36.0,15.0,33.0,25.0,34.0,4.0
CTW0500,Chanda Tamekah William,7,0.0,16.0,11.0,0.0,0.0,38.0,36.0,20.0,35.0,35.0,0.0
CUD0795,Charity Uta Daniels,7,0.0,8.0,10.0,0.0,0.0,12.0,40.0,30.0,44.0,24.0,0.0
CWB0065,Chadwick Wayne Bond,13,0.0,9.0,10.0,0.0,10.0,50.0,33.0,14.0,20.0,23.0,6.0
CWR0502,Colt Walter Reynolds,12,18.0,15.0,7.0,16.0,0.0,41.0,49.0,25.0,45.0,27.0,0.0
CXC0336,Casey Xerxes Conrad,7,0.0,3.0,0.0,0.0,3.0,23.0,19.0,34.0,35.0,34.0,7.0
CYA0506,Cecilia Yuri Ashley,8,0.0,3.0,0.0,0.0,0.0,16.0,17.0,44.0,14.0,31.0,0.0
DAG0558,Deirdre Amaya Garcia,7,0.0,8.0,2.0,0.0,0.0,20.0,16.0,37.0,25.0,26.0,1.0
DAL0673,Demetrius Alvin Levy,12,16.0,9.0,7.0,13.0,0.0,39.0,35.0,46.0,41.0,36.0,2.0
DAR0885,Devin Abdul Rogers,15,0.0,9.0,4.0,0.0,58.0,43.0,43.0,44.0,41.0,25.0,7.0
DBB0384,Demetrius Barry Bullock,8,144.0,9.0,0.0,176.0,0.0,40.0,41.0,28.0,37.0,27.0,2.0
DBG0261,Devin Brett Guzman,8,0.0,9.0,3.0,0.0,3.0,45.0,47.0,17.0,36.0,28.0,4.0
DBS0235,Dale Benjamin Sharpe,9,0.0,9.0,2.0,0.0,0.0,30.0,38.0,18.0,37.0,33.0,5.0
DBW0483,Deborah Barbara White,7,0.0,14.0,4.0,0.0,0.0,17.0,16.0,25.0,21.0,37.0,0.0
DCC0160,Donovan Carlos Chapman,7,0.0,18.0,8.0,0.0,11.0,36.0,39.0,33.0,42.0,27.0,7.0
DCH0843,Dominic Calvin Hewitt,7,0.0,1.0,0.0,0.0,0.0,20.0,31.0,11.0,18.0,36.0,3.0
DDA0476,Dane Davis Atkins,7,0.0,14.0,7.0,0.0,0.0,36.0,25.0,39.0,13.0,39.0,0.0
DDM0579,Dale Dorian Mercado,7,0.0,1.0,0.0,0.0,0.0,33.0,45.0,30.0,37.0,26.0,3.0
DEB0782,Dakota Edward Brady,8,0.0,3.0,2.0,0.0,0.0,42.0,47.0,32.0,21.0,36.0,0.0
DFH0188,Dean Flynn Hines,14,24.0,3.0,2.0,174.0,1.0,35.0,40.0,18.0,38.0,24.0,11.0
DFR0218,Daria Felicia Rowland,28,0.0,18.0,8.0,0.0,3.0,45.0,14.0,22.0,37.0,27.0,22.0
DGF0443,Dustin Gage Franco,8,0.0,9.0,0.0,0.0,0.0,39.0,44.0,18.0,28.0,33.0,1.0
DGM0754,Declan Gareth Mclaughlin,8,0.0,25.0,0.0,0.0,0.0,42.0,18.0,42.0,24.0,24.0,1.0
DGN0480,Donovan Garth Nieves,7,0.0,16.0,11.0,0.0,0.0,21.0,25.0,44.0,20.0,31.0,0.0
DGW0752,Dennis Gray Wilson,11,0.0,15.0,19.0,0.0,0.0,40.0,46.0,20.0,40.0,14.0,2.0
DHM0937,Dominic Howard Mcconnell,8,0.0,15.0,7.0,0.0,13.0,43.0,22.0,21.0,15.0,24.0,4.0
DIB0081,Drew Ivan Beck,15,36.0,8.0,5.0,67.0,0.0,34.0,45.0,14.0,28.0,33.0,2.0
DIB0285,Deanna Imelda Blanchard,7,36.0,4.0,3.0,16.0,0.0,13.0,45.0,17.0,50.0,29.0,3.0
DIC0988,Dolan Igor Cortez,7,0.0,12.0,0.0,0.0,1.0,44.0,30.0,23.0,21.0,32.0,7.0
DID0650,Denise Ifeoma Doyle,7,0.0,3.0,0.0,0.0,0.0,45.0,21.0,17.0,42.0,21.0,3.0
DIW0118,Delilah Iliana Wilkinson,16,32.0,28.0,16.0,24.0,10.0,37.0,17.0,19.0,37.0,26.0,6.0
DJB0159,Dacey Jorden Bowen,12,0.0,34.0,17.0,0.0,24.0,20.0,37.0,27.0,38.0,37.0,4.0
DJS0682,Dexter Jamal Simon,7,0.0,9.0,0.0,0.0,0.0,22.0,23.0,36.0,13.0,30.0,3.0
DKB0631,Dai Keely Bullock,7,0.0,3.0,0.0,0.0,0.0,34.0,18.0,14.0,46.0,31.0,3.0
DLF0377,Dean Lester Figueroa,8,0.0,16.0,7.0,0.0,0.0,39.0,35.0,19.0,27.0,34.0,2.0
DLH0029,Diana Leigh Hays,7,0.0,10.0,5.0,0.0,1.0,36.0,26.0,38.0,18.0,31.0,7.0
DLM0051,Declan Lester Moss,15,189.0,36.0,27.0,243.0,213.0,37.0,37.0,17.0,20.0,35.0,5.0
DLS0383,Diana Lillian Solis,11,0.0,14.0,13.0,0.0,0.0,10.0,21.0,12.0,25.0,24.0,1.0
DMG0358,Dorothy Marny Goff,34,0.0,11.0,10.0,0.0,0.0,19.0,39.0,14.0,25.0,29.0,22.0
DMK0257,Desirae Mari Koch,16,26.0,18.0,14.0,34.0,1.0,33.0,20.0,26.0,26.0,30.0,8.0
DMM0623,Doris Mona Michael,12,0.0,17.0,8.0,0.0,0.0,36.0,27.0,21.0,39.0,30.0,2.0
DOL0332,Damian Omar Le,7,0.0,3.0,3.0,0.0,2.0,32.0,40.0,41.0,18.0,24.0,7.0
DOP0562,Daryl Ocean Patel,7,0.0,9.0,2.0,0.0,0.0,42.0,16.0,37.0,39.0,31.0,2.0
DPM0423,Dalton Perry Mejia,11,48.0,9.0,8.0,30.0,0.0,37.0,38.0,38.0,15.0,27.0,3.0
DPS0262,Delilah Pearl Schneider,10,0.0,9.0,2.0,0.0,2.0,20.0,25.0,20.0,14.0,32.0,6.0
DRR0162,Dante Raja Roberts,8,37.0,11.0,5.0,13.0,12.0,45.0,36.0,20.0,36.0,29.0,4.0
DRR0242,Daphne Ruby Reilly,9,0.0,18.0,4.0,0.0,90.0,39.0,19.0,40.0,41.0,33.0,4.0
DSB0731,Daryl Skyler Brock,8,0.0,15.0,8.0,0.0,0.0,26.0,15.0,40.0,43.0,30.0,2.0
DSM0591,Daria Samantha Mcbride,7,0.0,1.0,0.0,0.0,0.0,20.0,35.0,18.0,43.0,35.0,3.0
DTP0379,Daquan Tucker Pugh,14,0.0,19.0,15.0,0.0,0.0,45.0,42.0,15.0,37.0,27.0,1.0
DTT0076,Dylan Tiger Terry,8,0.0,18.0,0.0,0.0,3.0,42.0,16.0,34.0,24.0,28.0,4.0
DVM0265,Deborah Victoria Mcclure,12,0.0,8.0,3.0,0.0,1.0,47.0,40.0,10.0,24.0,31.0,6.0
DVW0103,Dante Vaughan Weber,7,0.0,9.0,0.0,0.0,0.0,40.0,45.0,44.0,21.0,29.0,4.0
DZC0228,Declan Zachery Caldwell,7,0.0,9.0,0.0,0.0,0.0,37.0,37.0,34.0,21.0,38.0,5.0
EAH0466,Ethan Arden Hays,9,10.0,1.0,2.0,103.0,0.0,41.0,38.0,29.0,38.0,25.0,4.0
EBC0390,Eaton Burton Crane,8,0.0,9.0,0.0,0.0,0.0,40.0,40.0,40.0,22.0,33.0,1.0
ECF0828,Erasmus Cameron Franco,7,0.0,1.0,0.0,0.0,0.0,40.0,49.0,39.0,40.0,35.0,3.0
ECL0930,Edan Ciaran Larson,11,0.0,8.0,12.0,0.0,12.0,28.0,24.0,40.0,18.0,29.0,4.0
ECR0822,Ella Cassandra Rivera,7,0.0,1.0,0.0,0.0,0.0,16.0,19.0,17.0,23.0,29.0,3.0
EDA0684,Edward Dean Anthony,11,0.0,9.0,13.0,0.0,0.0,38.0,42.0,40.0,39.0,33.0,5.0
EDB0714,Eden Deborah Ball,8,42.0,1.0,2.0,14.0,0.0,21.0,23.0,35.0,26.0,29.0,4.0
EFS0882,Edward Finn Stokes,7,0.0,3.0,0.0,0.0,0.0,40.0,40.0,47.0,25.0,27.0,3.0
EGD0132,Eric Gray Duncan,7,18.0,1.0,0.0,19.0,0.0,37.0,38.0,33.0,15.0,22.0,3.0
EGD0409,Elijah Gary Diaz,10,0.0,9.0,5.0,0.0,0.0,39.0,40.0,22.0,35.0,33.0,4.0
EGK0893,Eagan Gannon Koch,7,0.0,3.0,2.0,0.0,0.0,21.0,30.0,11.0,47.0,27.0,3.0
EHB0420,Erich Harding Bryant,19,0.0,14.0,7.0,0.0,90.0,45.0,42.0,38.0,17.0,20.0,9.0
EHB0824,Eugenia Hannah Blanchard,7,0.0,1.0,0.0,0.0,0.0,46.0,39.0,22.0,44.0,31.0,3.0
EHD0584,Ezra Hilel Dyer,9,0.0,1.0,2.0,0.0,0.0,38.0,40.0,42.0,43.0,22.0,3.0
EHR0096,Elaine Hanna Raymond,7,0.0,9.0,0.0,0.0,2.0,22.0,13.0,20.0,48.0,31.0,4.0
EIM0156,Eve Isadora Mckenzie,8,0.0,11.0,6.0,0.0,13.0,19.0,31.0,43.0,45.0,33.0,4.0
EIP0997,Emily Illana Perry,7,0.0,8.0,0.0,0.0,0.0,42.0,28.0,20.0,25.0,34.0,3.0
EIS0041,Emerald Imani Schmidt,33,62.0,11.0,9.0,72.0,12.0,41.0,44.0,17.0,48.0,30.0,26.0
EJW0884,Elton Jonas Williamson,7,0.0,3.0,0.0,0.0,0.0,46.0,20.0,32.0,26.0,31.0,3.0
ELB0847,Emmanuel Lawrence Briggs,7,0.0,1.0,0.0,0.0,0.0,12.0,17.0,16.0,19.0,28.0,3.0
ELH0960,Emerald Lysandra Hodges,8,0.0,1.0,0.0,0.0,0.0,40.0,43.0,26.0,41.0,22.0,4.0
ELT0769,Echo Leandra Torres,8,0.0,4.0,0.0,0.0,0.0,19.0,20.0,20.0,27.0,35.0,0.0
EMB0531,Edan Marsden Briggs,11,0.0,3.0,3.0,0.0,0.0,31.0,41.0,31.0,36.0,36.0,0.0
EMS0317,Eden Merrill Stokes,8,0.0,15.0,3.0,0.0,0.0,15.0,21.0,44.0,10.0,31.0,4.0
EMW0105,Erich Malik Wolf,7,0.0,10.0,0.0,0.0,0.0,35.0,40.0,17.0,41.0,34.0,3.0
EMW0772,Elvis Marshall Walton,8,0.0,6.0,0.0,0.0,0.0,46.0,41.0,20.0,12.0,28.0,0.0
ENC0234,Evelyn Nevada Curtis,9,0.0,9.0,0.0,0.0,0.0,21.0,23.0,32.0,19.0,23.0,5.0
ENL0100,Ella Nita Lewis,7,0.0,13.0,3.0,0.0,9.0,39.0,18.0,42.0,35.0,21.0,4.0
EPW0434,Ethan Perry Wiggins,8,0.0,9.0,2.0,0.0,0.0,32.0,36.0,38.0,22.0,33.0,3.0
ERH0449,Ella Rachel Hess,7,0.0,1.0,0.0,0.0,0.0,44.0,15.0,35.0,17.0,25.0,3.0
ESA0642,Eliana Stephanie Albert,7,0.0,3.0,0.0,0.0,0.0,32.0,14.0,44.0,30.0,32.0,3.0
ESH0135,Elaine Sonya Hughes,7,0.0,1.0,3.0,0.0,0.0,35.0,22.0,32.0,44.0,28.0,2.0
ESH0283,Eve Shaeleigh Holman,9,6.0,9.0,4.0,25.0,0.0,44.0,30.0,35.0,18.0,31.0,3.0
ESJ0670,Eaton Samuel Jennings,16,15.0,30.0,3.0,157.0,190.0,42.0,31.0,15.0,40.0,24.0,4.0
ESR0693,Evelyn Sarah Reilly,7,20.0,9.0,5.0,28.0,0.0,35.0,23.0,25.0,21.0,31.0,3.0
ETR0177,Emerson Tyrone Rojas,7,0.0,12.0,0.0,0.0,0.0,18.0,15.0,41.0,26.0,39.0,3.0
ETR0428,Elton Tyler Richard,12,0.0,9.0,6.0,0.0,0.0,36.0,21.0,40.0,20.0,20.0,2.0
EWH0191,Eugenia Whilemina Harrington,12,0.0,14.0,13.0,0.0,14.0,33.0,17.0,22.0,23.0,27.0,4.0
EZH0736,Elton Zeus Horton,8,0.0,15.0,0.0,0.0,0.0,44.0,41.0,37.0,19.0,31.0,2.0
EZT0640,Eagan Zephania Talley,13,0.0,3.0,3.0,0.0,0.0,12.0,15.0,27.0,39.0,27.0,5.0
FAW0032,Frances Alisa Wiggins,8,0.0,14.0,11.0,0.0,3.0,43.0,24.0,17.0,37.0,37.0,4.0
FBA0348,Francis Brian Armstrong,8,0.0,20.0,0.0,0.0,0.0,41.0,44.0,40.0,36.0,27.0,0.0
FBW0747,Fuller Baker Warner,10,0.0,20.0,3.0,0.0,0.0,43.0,45.0,35.0,25.0,28.0,1.0
FDE0117,Fritz Dale Ellison,7,0.0,18.0,11.0,0.0,0.0,38.0,37.0,32.0,41.0,28.0,3.0
FEB0306,Flynn Edward Brennan,10,14.0,1.0,2.0,20.0,0.0,40.0,42.0,26.0,25.0,31.0,2.0
FFC0891,Flavia Fiona Cannon,14,28.0,3.0,3.0,27.0,0.0,38.0,10.0,39.0,50.0,39.0,3.0
FGW0853,Florence Gloria Whitney,7,0.0,14.0,7.0,0.0,9.0,25.0,35.0,20.0,40.0,39.0,4.0
FHO0630,Frances Hermione Owens,8,0.0,14.0,11.0,0.0,0.0,28.0,44.0,23.0,12.0,26.0,2.0
FHS0837,Fallon Harriet Shelton,7,0.0,1.0,0.0,0.0,0.0,23.0,37.0,14.0,42.0,34.0,3.0
FIR0920,Fay Ingrid Rodriquez,11,0.0,8.0,6.0,0.0,0.0,40.0,11.0,44.0,20.0,27.0,4.0
FKB0163,Francis Kane Buckner,8,0.0,8.0,0.0,0.0,9.0,39.0,35.0,25.0,39.0,22.0,4.0
FKK0055,Farrah Kim Keith,17,6.0,25.0,24.0,8.0,200.0,46.0,16.0,37.0,16.0,27.0,0.0
FLM0213,Fitzgerald Len Merrill,8,0.0,14.0,12.0,0.0,1.0,20.0,41.0,46.0,15.0,24.0,4.0
FMG0527,Flynn Malcolm Gibson,8,0.0,3.0,2.0,0.0,0.0,43.0,38.0,35.0,38.0,28.0,0.0
FOB0756,Ferris Omar Barry,16,12.0,6.0,8.0,8.0,29.0,42.0,41.0,34.0,20.0,27.0,0.0
FPC0954,Fletcher Perry Cantu,8,0.0,1.0,0.0,0.0,1.0,22.0,25.0,50.0,20.0,27.0,4.0
FQA0854,Fulton Quinn Avery,7,0.0,14.0,13.0,0.0,4.0,41.0,38.0,30.0,34.0,26.0,4.0
FRB0023,Felicia Rhona Butler,8,0.0,11.0,5.0,0.0,10.0,45.0,14.0,12.0,14.0,14.0,4.0
FRL0511,Ferdinand Rashad Lee,8,0.0,3.0,4.0,0.0,0.0,20.0,30.0,47.0,20.0,30.0,0.0
FRR0832,Forrest Rashad Richards,7,0.0,1.0,4.0,0.0,0.0,43.0,40.0,25.0,19.0,30.0,3.0
FSB0399,Ferris Stone Bender,7,0.0,15.0,11.0,0.0,0.0,23.0,22.0,15.0,37.0,26.0,5.0
FSC0601,Felicia Sloane Cabrera,8,21.0,14.0,4.0,13.0,2.0,37.0,30.0,37.0,15.0,30.0,1.0
FTM0406,Finn Tucker Medina,7,0.0,11.0,0.0,0.0,1.0,31.0,15.0,38.0,16.0,34.0,4.0
FUM0015,Fatima Ulla Mcclure,7,0.0,18.0,17.0,0.0,0.0,33.0,18.0,18.0,46.0,32.0,3.0
FWM0707,Fitzgerald Wayne Miranda,8,0.0,1.0,2.0,0.0,0.0,50.0,36.0,35.0,18.0,34.0,4.0
FXF0957,Felicia Xantha Farley,8,0.0,1.0,0.0,0.0,1.0,35.0,25.0,47.0,36.0,28.0,4.0
GAF0060,Grace Alma Fry,7,0.0,9.0,5.0,0.0,0.0,41.0,16.0,39.0,25.0,22.0,5.0
GAF0570,Gwendolyn Amaya Ferrell,10,0.0,9.0,2.0,0.0,0.0,31.0,15.0,38.0,46.0,35.0,2.0
GBM0603,Galena Britanney Merritt,8,0.0,15.0,5.0,0.0,0.0,39.0,42.0,42.0,24.0,37.0,2.0
GCC0744,Grady Craig Coffey,8,0.0,14.0,0.0,0.0,0.0,35.0,42.0,15.0,25.0,31.0,2.0
GCC0945,George Cade Chen,8,0.0,2.0,0.0,0.0,1.0,30.0,39.0,18.0,25.0,27.0,4.0
GCG0951,Grant Camden Gay,13,0.0,1.0,0.0,0.0,2.0,33.0,33.0,25.0,19.0,44.0,4.0
GCL0016,Gil Calvin Lindsay,10,6.0,7.0,10.0,0.0,0.0,45.0,32.0,20.0,24.0,34.0,3.0
GCR0554,Grace Charde Roth,7,0.0,10.0,7.0,0.0,0.0,16.0,16.0,41.0,23.0,37.0,3.0
GCS0518,Gregory Curran Sutton,8,0.0,3.0,0.0,0.0,0.0,41.0,36.0,23.0,38.0,21.0,0.0
GCS0571,Glenna Caryn Sharpe,10,10.0,1.0,0.0,18.0,0.0,22.0,18.0,16.0,23.0,32.0,3.0
GDF0704,Galena Deborah Francis,12,0.0,1.0,3.0,0.0,0.0,25.0,13.0,21.0,29.0,36.0,4.0
GHH0288,Genevieve Hyacinth Head,9,32.0,1.0,2.0,35.0,0.0,12.0,36.0,40.0,36.0,30.0,2.0
GHL0460,Geoffrey Harlan Lara,7,0.0,1.0,0.0,0.0,0.0,21.0,37.0,24.0,17.0,35.0,3.0
GJD0298,Grady Jordan Duran,7,0.0,1.0,3.0,0.0,0.0,43.0,39.0,12.0,40.0,27.0,2.0
GJT0386,Geoffrey Jin Tucker,8,0.0,13.0,0.0,0.0,0.0,24.0,13.0,49.0,34.0,26.0,2.0
GKO0078,Gage Kaden Odonnell,14,19.0,17.0,18.0,13.0,25.0,44.0,46.0,21.0,24.0,29.0,6.0
GLR0975,Garrison Levi Rollins,10,0.0,11.0,13.0,0.0,0.0,33.0,44.0,26.0,24.0,24.0,5.0
GMF0738,Gray Mason Fulton,8,0.0,11.0,0.0,0.0,0.0,30.0,40.0,45.0,20.0,18.0,2.0
GNS0178,Garrett Nicholas Solomon,15,6.0,10.0,6.0,42.0,7.0,30.0,17.0,42.0,26.0,33.0,9.0
GNZ0953,Graiden Nehru Zimmerman,11,0.0,1.0,2.0,0.0,0.0,26.0,18.0,26.0,36.0,29.0,4.0
GOK0238,Garrett Omar Kelly,7,0.0,12.0,0.0,0.0,0.0,33.0,43.0,27.0,40.0,33.0,4.0
GQF0659,Gisela Quintessa Fischer,7,0.0,3.0,0.0,0.0,0.0,40.0,16.0,30.0,29.0,28.0,3.0
GQP0743,Gil Quincy Potter,8,0.0,18.0,14.0,0.0,1.0,47.0,39.0,19.0,39.0,25.0,2.0
GRC0145,Gay Ria Cantu,8,0.0,15.0,19.0,0.0,0.0,30.0,43.0,24.0,46.0,27.0,0.0
GRM0868,Gail Rhiannon Mcconnell,7,0.0,15.0,0.0,0.0,0.0,21.0,25.0,20.0,13.0,28.0,4.0
GTD0116,Grant Tyrone Doyle,7,0.0,14.0,3.0,0.0,0.0,43.0,19.0,45.0,20.0,31.0,3.0
GTD0219,Gareth Thomas Dickson,40,70.0,10.0,7.0,83.0,5.0,40.0,40.0,19.0,30.0,33.0,30.0
GTD0898,Guy Tad Daniel,7,0.0,3.0,0.0,0.0,0.0,23.0,23.0,39.0,15.0,29.0,3.0
GZB0469,George Zachery Burch,7,0.0,1.0,2.0,0.0,0.0,46.0,39.0,22.0,45.0,28.0,4.0
GZC0735,Guy Zeus Chandler,13,23.0,15.0,10.0,10.0,0.0,44.0,16.0,15.0,27.0,25.0,2.0
HAC0282,Hakeem Arden Curry,7,0.0,9.0,4.0,0.0,0.0,37.0,32.0,38.0,12.0,28.0,3.0
HAD0246,Holmes Arden Day,17,7.0,30.0,15.0,3.0,190.0,44.0,39.0,32.0,45.0,38.0,2.0
HAH0248,Hector Abraham Hayes,8,0.0,9.0,2.0,0.0,0.0,33.0,43.0,22.0,18.0,29.0,1.0
HAH0760,Hilda Alice Hahn,11,26.0,3.0,3.0,37.0,0.0,34.0,17.0,22.0,37.0,30.0,0.0
HAM0985,Hillary Ainsley Mccormick,7,0.0,10.0,2.0,0.0,4.0,20.0,17.0,29.0,16.0,20.0,4.0
HAV0121,Hu Akeem Vincent,7,0.0,8.0,0.0,0.0,0.0,46.0,43.0,38.0,37.0,27.0,3.0
HBB0056,Hayden Bernard Benson,7,0.0,9.0,4.0,0.0,0.0,37.0,33.0,30.0,21.0,27.0,0.0
HBO0413,Harper Basil Obrien,7,37.0,11.0,0.0,8.0,0.0,41.0,35.0,18.0,15.0,18.0,4.0
HCC0344,Hayley Carolyn Cunningham,7,0.0,4.0,6.0,0.0,5.0,25.0,11.0,41.0,26.0,22.0,7.0
HCL0113,Hyacinth Clare Lindsay,7,0.0,9.0,3.0,0.0,0.0,43.0,22.0,40.0,39.0,34.0,3.0
HCL0651,Heather Cynthia Leonard,10,30.0,3.0,3.0,14.0,0.0,21.0,19.0,44.0,36.0,33.0,3.0
HCM0267,Hall Colorado Morin,8,138.0,17.0,9.0,169.0,1.0,36.0,45.0,39.0,20.0,32.0,4.0
HCS0003,Halla Cathleen Simmons,7,45.0,27.0,23.0,68.0,0.0,35.0,28.0,14.0,15.0,30.0,0.0
HCV0478,Harper Clark Vazquez,11,0.0,15.0,10.0,0.0,0.0,46.0,36.0,18.0,12.0,24.0,0.0
HCW0419,Hermione Casey Witt,10,0.0,9.0,4.0,0.0,1.0,40.0,21.0,35.0,34.0,35.0,4.0
HDD0789,Hashim Damon Dudley,7,0.0,14.0,4.0,0.0,10.0,44.0,39.0,30.0,10.0,29.0,4.0
HDD0806,Hedwig Dai Duffy,16,0.0,35.0,3.0,0.0,190.0,47.0,28.0,36.0,19.0,38.0,5.0
HDH0928,Hashim Damon Hebert,7,34.0,10.0,9.0,25.0,0.0,40.0,36.0,20.0,40.0,26.0,3.0
HDJ0446,Hope Dawn Jensen,7,0.0,1.0,4.0,0.0,0.0,18.0,17.0,45.0,27.0,35.0,2.0
HDL0748,Hedy Delilah Lopez,8,0.0,15.0,0.0,0.0,0.0,25.0,13.0,46.0,41.0,25.0,2.0
HDS0367,Hayes Drake Stephenson,34,70.0,11.0,6.0,67.0,0.0,50.0,42.0,16.0,30.0,19.0,20.0
HFB0347,Heather Fredericka Baird,7,8.0,3.0,0.0,71.0,4.0,34.0,20.0,30.0,30.0,27.0,7.0
HGG0240,Hedda Grace Gordon,7,0.0,10.0,3.0,0.0,0.0,20.0,26.0,24.0,36.0,31.0,3.0
HGH0595,Hanae Gay Hogan,7,0.0,1.0,0.0,0.0,0.0,41.0,14.0,22.0,39.0,29.0,3.0
HGN0287,Halla Germaine Nolan,7,0.0,10.0,8.0,0.0,0.0,45.0,30.0,18.0,18.0,27.0,3.0
HIA0414,Herman Ian Abbott,7,0.0,9.0,3.0,0.0,0.0,38.0,39.0,39.0,18.0,31.0,4.0
HIW0536,Honorato Ivan Wall,7,0.0,11.0,0.0,0.0,0.0,39.0,50.0,25.0,24.0,20.0,5.0
HJA0018,Honorato Joseph Adkins,9,0.0,11.0,13.0,0.0,0.0,39.0,43.0,47.0,37.0,32.0,3.0
HJB0742,Harlan Jason Benjamin,11,0.0,15.0,19.0,0.0,0.0,41.0,40.0,16.0,21.0,30.0,1.0
HJS0072,Honorato John Sloan,13,18.0,14.0,19.0,28.0,0.0,44.0,42.0,19.0,19.0,31.0,4.0
HKB0418,Halee Kim Burnett,7,0.0,9.0,0.0,0.0,0.0,50.0,18.0,13.0,26.0,27.0,4.0
HKF0831,Hiroko Kiona Faulkner,7,0.0,1.0,2.0,0.0,0.0,23.0,42.0,49.0,21.0,24.0,3.0
HKI0171,Halla Kendall Irwin,8,0.0,4.0,3.0,0.0,3.0,31.0,17.0,30.0,45.0,27.0,4.0
HKR0628,Halee Keiko Rhodes,13,0.0,28.0,25.0,0.0,0.0,21.0,16.0,17.0,16.0,25.0,2.0
HLH0512,Hadassah Leah Harris,11,0.0,9.0,6.0,0.0,58.0,15.0,42.0,36.0,22.0,32.0,0.0
HLM0933,Hadley Leandra May,8,0.0,14.0,7.0,0.0,15.0,36.0,24.0,23.0,43.0,30.0,4.0
HMM0108,Hakeem Mason Mccall,14,22.0,12.0,4.0,51.0,0.0,33.0,41.0,17.0,43.0,25.0,3.0
HMW0713,Heidi Mia Wilson,8,0.0,1.0,0.0,0.0,0.0,38.0,24.0,40.0,36.0,28.0,4.0
HOB0994,Harrison Oscar Burke,7,0.0,9.0,3.0,0.0,0.0,38.0,39.0,15.0,43.0,33.0,3.0
HPH0075,Harper Price Harris,14,150.0,39.0,25.0,201.0,180.0,40.0,42.0,48.0,25.0,28.0,3.0
HPM0986,Hasad Paki Mcfadden,7,0.0,14.0,0.0,0.0,0.0,41.0,36.0,38.0,23.0,24.0,4.0
HPR0585,Hillary Piper Riddle,9,0.0,1.0,1.0,0.0,0.0,34.0,46.0,15.0,46.0,35.0,3.0
HRB0351,Hadassah Riley Baker,13,2.0,20.0,2.0,23.0,0.0,19.0,12.0,43.0,42.0,36.0,2.0
HRD0635,Hadley Rhona Dillon,14,0.0,4.0,8.0,0.0,0.0,24.0,35.0,18.0,32.0,24.0,5.0
HRL0540,Hedwig Regina Livingston,12,124.0,9.0,3.0,32.0,0.0,43.0,38.0,17.0,40.0,18.0,5.0
HRW0550,Howard Raphael Weiss,7,0.0,9.0,3.0,0.0,0.0,38.0,34.0,24.0,22.0,28.0,3.0
HSB0196,Hadley Sonya Bowen,11,194.0,29.0,12.0,272.0,240.0,44.0,13.0,43.0,30.0,33.0,5.0
HSD0457,Hollee Shannon Dudley,7,0.0,1.0,0.0,0.0,0.0,38.0,19.0,20.0,42.0,27.0,2.0
HSG0818,Harrison Samuel Gonzales,10,0.0,9.0,8.0,0.0,0.0,18.0,19.0,48.0,36.0,31.0,3.0
HSP0290,Hakeem Stephen Peck,7,0.0,1.0,2.0,0.0,0.0,38.0,15.0,28.0,20.0,27.0,1.0
HTF0641,Hilel Tobias Flynn,7,0.0,3.0,3.0,0.0,0.0,38.0,24.0,18.0,22.0,28.0,3.0
HTH0007,Hyatt Trevor Hayes,11,0.0,47.0,5.0,0.0,31.0,37.0,38.0,41.0,20.0,36.0,4.0
HVB0037,Hollee Vanna Becker,10,0.0,28.0,4.0,0.0,144.0,17.0,42.0,41.0,44.0,26.0,5.0
HVF0067,Hector Vance Foster,10,30.0,5.0,3.0,45.0,0.0,44.0,35.0,22.0,43.0,41.0,4.0
HWH0646,Hadley Willa Hill,9,0.0,3.0,2.0,0.0,0.0,17.0,24.0,24.0,21.0,28.0,3.0
HWM0342,Hanae Wendy Meyer,7,0.0,5.0,3.0,0.0,3.0,45.0,44.0,41.0,39.0,34.0,7.0
HWW0436,Hayes William Wheeler,15,20.0,14.0,15.0,17.0,0.0,45.0,37.0,23.0,27.0,33.0,1.0
HWY0038,Howard Wing Yang,26,0.0,11.0,0.0,0.0,18.0,47.0,39.0,40.0,22.0,24.0,20.0
HXL0968,Holly Xerxes Lara,8,40.0,1.0,0.0,22.0,0.0,45.0,21.0,35.0,40.0,34.0,4.0
IAR0694,Imani Aubrey Ray,12,0.0,18.0,14.0,0.0,95.0,12.0,17.0,44.0,40.0,34.0,4.0
IAT0263,Ivor Amir Tucker,8,0.0,3.0,4.0,0.0,7.0,28.0,23.0,30.0,30.0,27.0,4.0
IBB0359,Ira Brendan Ball,32,168.0,12.0,13.0,51.0,0.0,48.0,33.0,21.0,43.0,38.0,18.0
IBB0696,Isadora Buffy Brewer,11,30.0,2.0,0.0,13.0,0.0,47.0,13.0,36.0,16.0,33.0,4.0
IBM0671,Ira Benjamin Mays,11,4.0,12.0,9.0,4.0,0.0,50.0,46.0,38.0,35.0,31.0,2.0
IBP0883,Iona Brenda Payne,12,0.0,3.0,2.0,0.0,0.0,30.0,25.0,15.0,11.0,17.0,5.0
IBS0836,Isadora Blaine Shepherd,11,16.0,1.0,2.0,24.0,0.0,10.0,44.0,50.0,38.0,27.0,3.0
ICH0294,Idola Carly Haley,9,26.0,1.0,2.0,58.0,0.0,32.0,27.0,20.0,40.0,26.0,2.0
ICS0956,Ivy Charissa Solis,8,0.0,1.0,0.0,0.0,2.0,22.0,20.0,18.0,35.0,26.0,4.0
IDO0176,Ira Dustin Oneill,8,0.0,16.0,0.0,0.0,12.0,34.0,39.0,40.0,24.0,26.0,4.0
IEB0153,Irma Eugenia Booker,7,0.0,8.0,4.0,0.0,0.0,44.0,25.0,39.0,24.0,36.0,3.0
IHK0841,Ivor Herrod Kaufman,7,0.0,1.0,0.0,0.0,0.0,35.0,23.0,41.0,28.0,29.0,3.0
IIA0092,Ingrid Irene Atkins,8,0.0,12.0,1.0,0.0,1.0,39.0,30.0,42.0,14.0,27.0,4.0
IIL0513,Illana Isabelle Lamb,9,0.0,6.0,0.0,0.0,30.0,37.0,13.0,26.0,38.0,34.0,0.0
IIW0249,Igor Ishmael Ward,11,152.0,19.0,4.0,10.0,95.0,39.0,36.0,43.0,38.0,28.0,4.0
IJM0139,Irene Jemima Meyers,7,0.0,1.0,0.0,0.0,0.0,45.0,17.0,15.0,30.0,35.0,1.0
IJM0444,Ian Jonas Morrow,13,10.0,0.0,0.0,37.0,0.0,36.0,35.0,39.0,35.0,26.0,2.0
IJM0776,Indira Jocelyn Mack,8,35.0,3.0,0.0,7.0,0.0,41.0,35.0,19.0,41.0,32.0,0.0
IJR0825,Ivor Jelani Robbins,7,0.0,1.0,2.0,0.0,0.0,38.0,42.0,39.0,46.0,32.0,3.0
IJW0851,Isadora Jael Waters,7,0.0,10.0,0.0,0.0,7.0,21.0,10.0,10.0,18.0,34.0,5.0
IKP0472,Ivana Kaitlin Parsons,20,28.0,3.0,3.0,25.0,18.0,32.0,10.0,37.0,38.0,31.0,7.0
IKR0401,Ivor Kenneth Rollins,7,28.0,13.0,12.0,24.0,0.0,40.0,42.0,24.0,16.0,29.0,5.0
ILC0838,Ivan Levi Craig,7,0.0,1.0,0.0,0.0,0.0,40.0,36.0,42.0,16.0,33.0,3.0
ILH0958,Irene Lacota Huffman,16,6.0,1.0,2.0,39.0,1.0,28.0,17.0,20.0,19.0,24.0,4.0
ILJ0526,Idola Lana Jarvis,13,16.0,3.0,3.0,22.0,0.0,33.0,50.0,23.0,46.0,25.0,0.0
ILR0304,Ivory Leandra Rogers,7,0.0,0.0,0.0,0.0,0.0,20.0,22.0,18.0,46.0,30.0,2.0
IMB0481,Isabelle Maggie Benjamin,7,0.0,19.0,11.0,0.0,0.0,19.0,41.0,38.0,43.0,38.0,0.0
IMG0320,Isabella Marah Graham,8,0.0,18.0,7.0,0.0,0.0,37.0,14.0,12.0,24.0,23.0,4.0
IMP0530,Irma Melanie Patrick,8,0.0,3.0,2.0,0.0,0.0,40.0,17.0,42.0,50.0,32.0,0.0
IRM0931,Ignatius Reese Morton,23,16.0,34.0,25.0,40.0,197.0,44.0,46.0,33.0,35.0,30.0,6.0
IRT0491,Iris Rhea Terrell,7,0.0,15.0,5.0,0.0,0.0,17.0,30.0,27.0,41.0,32.0,0.0
IUB0565,Isaiah Upton Buchanan,7,23.0,4.0,2.0,11.0,0.0,44.0,39.0,35.0,22.0,30.0,2.0
IUY0279,Igor Ulric Yang,11,0.0,9.0,10.0,0.0,0.0,38.0,38.0,17.0,21.0,29.0,3.0
IWM0816,Ira Wyatt Moss,10,0.0,8.0,5.0,0.0,0.0,35.0,42.0,50.0,44.0,28.0,3.0
IYB0918,Illana Yvette Bradshaw,7,0.0,9.0,4.0,0.0,0.0,17.0,21.0,42.0,14.0,30.0,3.0
JAD0609,Jana Amanda Dorsey,10,0.0,15.0,18.0,0.0,0.0,18.0,23.0,26.0,36.0,33.0,5.0
JAJ0849,Jaquelyn Angelica Jimenez,15,0.0,3.0,3.0,0.0,10.0,22.0,24.0,23.0,23.0,33.0,4.0
JAM0382,Jena Audrey Malone,8,0.0,9.0,13.0,0.0,0.0,25.0,23.0,41.0,17.0,23.0,2.0
JAV0361,Joseph Alan Vaughan,30,0.0,11.0,7.0,0.0,0.0,36.0,45.0,40.0,45.0,33.0,20.0
JBD0616,Jocelyn Brenna Daniels,11,137.0,20.0,10.0,20.0,0.0,40.0,21.0,25.0,37.0,27.0,2.0
JBM0350,Jocelyn Bree Mccray,7,0.0,17.0,2.0,0.0,0.0,37.0,21.0,12.0,45.0,25.0,5.0
JCC0225,Jack Carlos Cannon,30,0.0,19.0,0.0,0.0,13.0,47.0,45.0,40.0,15.0,18.0,24.0
JCG0316,Josiah Chester Gray,12,32.0,20.0,7.0,47.0,9.0,47.0,36.0,32.0,25.0,33.0,4.0
JCR0172,Jaquelyn Cassandra Roberson,14,12.0,24.0,12.0,16.0,162.0,43.0,41.0,41.0,39.0,31.0,5.0
JCR0289,Jena Chanda Rollins,7,0.0,0.0,0.0,0.0,0.0,32.0,43.0,33.0,33.0,29.0,2.0
JCR0770,Jared Cameron Rosa,8,0.0,3.0,3.0,0.0,0.0,40.0,47.0,24.0,21.0,27.0,0.0
JCR0921,Jonas Connor Riddle,7,0.0,7.0,4.0,0.0,0.0,47.0,46.0,31.0,40.0,34.0,3.0
JCV0245,James Cain Vargas,8,0.0,10.0,3.0,0.0,0.0,40.0,44.0,22.0,20.0,27.0,3.0
JCW0858,Jeanette Cally Whitfield,7,0.0,15.0,4.0,0.0,6.0,14.0,35.0,22.0,41.0,39.0,4.0
JDB0169,Jonah Dakota Bird,11,111.0,21.0,1.0,144.0,0.0,20.0,14.0,23.0,48.0,33.0,4.0
JDC0030,Jenna Darrel Charles,18,10.0,32.0,35.0,17.0,228.0,31.0,18.0,19.0,21.0,26.0,7.0
JDF0593,Jameson Damian Franco,12,146.0,1.0,0.0,9.0,0.0,30.0,45.0,11.0,41.0,29.0,5.0
JER0404,Jeanette Eliana Rivera,7,0.0,9.0,0.0,0.0,0.0,38.0,46.0,18.0,16.0,30.0,4.0
JFC0557,Jade Felicia Caldwell,10,54.0,9.0,9.0,48.0,0.0,22.0,16.0,23.0,40.0,33.0,1.0
JFC0757,Jolene Frances Carey,8,0.0,2.0,0.0,0.0,0.0,31.0,21.0,38.0,36.0,38.0,0.0
JGM0934,Jared Geoffrey Morin,12,0.0,17.0,18.0,0.0,10.0,30.0,22.0,41.0,22.0,31.0,4.0
JGT0221,Jonathan Gary Terry,36,0.0,11.0,9.0,0.0,19.0,45.0,30.0,16.0,40.0,18.0,28.0
JHP0583,Jorden Helen Pierce,13,40.0,2.0,2.0,29.0,10.0,37.0,25.0,40.0,42.0,37.0,4.0
JIG0128,Josephine Indira Garza,7,0.0,9.0,0.0,0.0,0.0,25.0,45.0,35.0,18.0,27.0,3.0
JIM0095,Jane Ignacia Mcdonald,7,0.0,12.0,2.0,0.0,10.0,10.0,18.0,21.0,15.0,35.0,4.0
JJB0127,Jin Jonathan Buckley,7,0.0,9.0,0.0,0.0,0.0,26.0,21.0,38.0,30.0,32.0,3.0
JJB0700,Julie Jaime Burns,8,0.0,1.0,2.0,0.0,1.0,15.0,19.0,39.0,37.0,28.0,4.0
JJH0292,Jane Justina Hunt,10,0.0,2.0,3.0,0.0,0.0,35.0,23.0,38.0,39.0,28.0,1.0
JJH0613,Jael Jennifer Hansen,12,43.0,16.0,8.0,28.0,0.0,50.0,30.0,24.0,14.0,26.0,3.0
JJM0203,Jonathan John Martinez,11,30.0,9.0,6.0,19.0,13.0,37.0,36.0,18.0,30.0,28.0,6.0
JKB0126,Jaden Kylan Buckley,7,0.0,6.0,0.0,0.0,0.0,43.0,24.0,19.0,33.0,28.0,3.0
JKF0465,Jerry Kennan Fischer,9,0.0,2.0,0.0,0.0,10.0,10.0,37.0,12.0,17.0,32.0,5.0
JKJ0698,Jescie Kristen Jenkins,11,0.0,4.0,2.0,0.0,20.0,16.0,38.0,16.0,22.0,28.0,5.0
JKM0303,Joel Kennan Mccarty,7,0.0,1.0,0.0,0.0,0.0,46.0,10.0,44.0,15.0,35.0,2.0
JLM0364,Jacqueline Latifah Miles,32,0.0,13.0,2.0,0.0,0.0,35.0,22.0,15.0,25.0,37.0,24.0
JLW0053,Jackson Linus Wilkerson,7,0.0,17.0,0.0,0.0,0.0,42.0,41.0,18.0,38.0,31.0,5.0
JMB0308,Jarrod Malik Burris,8,0.0,17.0,18.0,0.0,5.0,41.0,44.0,34.0,14.0,32.0,4.0
JMC0925,Jade Maris Coleman,16,0.0,10.0,7.0,0.0,0.0,33.0,10.0,23.0,19.0,31.0,5.0
JMD0520,Jane Maite Dotson,11,28.0,3.0,2.0,38.0,0.0,21.0,45.0,16.0,38.0,29.0,0.0
JMH0543,Jermaine Mannix Hansen,11,0.0,11.0,0.0,0.0,0.0,44.0,25.0,37.0,13.0,34.0,4.0
JMK0099,Jakeem Magee Knight,13,4.0,9.0,8.0,3.0,11.0,40.0,37.0,41.0,41.0,25.0,4.0
JML0909,Jenette McKenzie Lynn,10,0.0,3.0,3.0,0.0,0.0,24.0,32.0,39.0,40.0,21.0,3.0
JMW0638,Jonah Merritt Wilder,7,0.0,3.0,0.0,0.0,0.0,43.0,21.0,30.0,18.0,30.0,3.0
JNA0559,Justine Nola Adkins,7,0.0,10.0,0.0,0.0,0.0,10.0,10.0,41.0,10.0,31.0,2.0
JNJ0556,Jaden Nicole Johnston,7,132.0,4.0,3.0,153.0,0.0,43.0,45.0,22.0,33.0,34.0,2.0
JOL0024,John Omar Lancaster,7,0.0,13.0,3.0,0.0,3.0,50.0,40.0,24.0,21.0,29.0,4.0
JOM0750,Jonathan Orlando Marsh,8,0.0,15.0,0.0,0.0,0.0,35.0,46.0,25.0,40.0,29.0,2.0
JPA0667,John Price Atkins,8,0.0,11.0,11.0,0.0,0.0,49.0,42.0,34.0,35.0,27.0,2.0
JPW0741,Josiah Preston Wall,8,0.0,21.0,0.0,0.0,0.0,40.0,38.0,44.0,30.0,33.0,2.0
JRF0835,Jessica Rachel Freeman,7,0.0,1.0,2.0,0.0,0.0,44.0,33.0,18.0,37.0,18.0,3.0
JRG0207,Joseph Raja Gaines,8,0.0,14.0,7.0,0.0,5.0,42.0,37.0,40.0,21.0,27.0,4.0
JRH0455,Jeremy Rooney Henderson,7,0.0,1.0,0.0,0.0,0.0,19.0,21.0,42.0,20.0,34.0,5.0
JRL0574,Joy Rosalyn Leblanc,7,0.0,1.0,0.0,0.0,0.0,19.0,26.0,35.0,47.0,40.0,3.0
JRS0362,Jackson Rafael Sutton,36,0.0,16.0,0.0,0.0,0.0,50.0,50.0,14.0,37.0,24.0,22.0
JSA0775,Julian Samson Allen,8,0.0,3.0,4.0,0.0,0.0,50.0,46.0,42.0,19.0,33.0,0.0
JSH0330,Judith Shaeleigh Hayden,7,0.0,4.0,2.0,0.0,2.0,20.0,16.0,23.0,24.0,28.0,7.0
JTM0223,Jerry Tad Mccall,34,0.0,11.0,12.0,0.0,7.0,35.0,48.0,20.0,21.0,30.0,22.0
JTS0389,Josiah Thaddeus Stewart,10,0.0,13.0,2.0,0.0,0.0,31.0,36.0,11.0,44.0,32.0,2.0
JXH0493,Justin Xerxes Hansen,7,0.0,14.0,4.0,0.0,0.0,36.0,32.0,23.0,15.0,31.0,0.0
JZD0888,Jane Zia Day,7,0.0,3.0,0.0,0.0,0.0,20.0,20.0,30.0,14.0,30.0,3.0
KAC0124,Kathleen Aline Chan,7,0.0,9.0,0.0,0.0,0.0,33.0,14.0,30.0,18.0,33.0,3.0
KAL0395,Kay Alexa Logan,7,0.0,9.0,8.0,0.0,0.0,13.0,24.0,22.0,28.0,29.0,5.0
KAT0270,Kirby Amity Tyson,7,0.0,9.0,9.0,0.0,8.0,21.0,24.0,39.0,23.0,27.0,4.0
KAT0489,Katell Amethyst Thornton,7,0.0,16.0,11.0,0.0,0.0,22.0,41.0,36.0,23.0,26.0,0.0
KBB0189,Kaye Brianna Blair,8,0.0,11.0,8.0,0.0,22.0,49.0,23.0,16.0,33.0,30.0,4.0
KBC0054,Kyla Blythe Carter,7,0.0,9.0,0.0,0.0,0.0,42.0,43.0,17.0,41.0,32.0,0.0
KBG0549,Kylie Brielle Greer,12,4.0,8.0,3.0,5.0,0.0,16.0,19.0,37.0,10.0,32.0,5.0
KBL0260,Kermit Beau Leach,8,0.0,9.0,0.0,0.0,2.0,16.0,15.0,48.0,16.0,32.0,4.0
KBP0008,Kirby Bo Pollard,15,0.0,52.0,28.0,0.0,48.0,23.0,18.0,40.0,11.0,34.0,4.0
KBS0874,Kay Brynne Spears,10,0.0,17.0,11.0,0.0,0.0,23.0,39.0,37.0,33.0,29.0,5.0
KCB0815,Kaden Chastity Briggs,10,0.0,9.0,3.0,0.0,0.0,16.0,40.0,18.0,36.0,31.0,3.0
KCF0045,Kendall Ciaran Frank,32,0.0,15.0,4.0,0.0,12.0,40.0,39.0,16.0,27.0,31.0,24.0
KCO0122,Kermit Coby Oliver,10,26.0,9.0,4.0,21.0,0.0,30.0,32.0,26.0,38.0,33.0,3.0
KCS0173,Kenyon Chancellor Sharpe,13,14.0,13.0,13.0,8.0,11.0,39.0,20.0,50.0,20.0,30.0,4.0
KDS0349,Kim Dara Sullivan,8,0.0,14.0,0.0,0.0,0.0,18.0,23.0,20.0,32.0,29.0,1.0
KDT0346,Kibo Dolan Turner,11,0.0,2.0,2.0,0.0,5.0,36.0,41.0,10.0,22.0,33.0,7.0
KES0729,Kylie Elizabeth Santos,11,0.0,20.0,18.0,0.0,0.0,20.0,10.0,24.0,45.0,31.0,1.0
KJA0152,Kimberley Joy Anderson,7,0.0,11.0,0.0,0.0,0.0,16.0,16.0,39.0,38.0,34.0,3.0
KJG0910,Kermit Jonas Gould,7,0.0,3.0,0.0,0.0,0.0,37.0,10.0,31.0,18.0,29.0,3.0
KJJ0293,Kirk Jakeem Joyce,14,12.0,1.0,2.0,5.0,0.0,41.0,42.0,23.0,39.0,33.0,3.0
KJM0887,Kibo Josiah Murray,7,0.0,3.0,3.0,0.0,0.0,31.0,47.0,14.0,16.0,32.0,3.0
KJP0371,Kyla Jocelyn Porter,32,0.0,11.0,9.0,0.0,0.0,36.0,21.0,25.0,15.0,30.0,20.0
KJS0618,Kay Janna Snider,8,0.0,13.0,8.0,0.0,0.0,19.0,15.0,20.0,10.0,37.0,2.0
KJW0416,Katell Jasmine Wiggins,7,0.0,9.0,0.0,0.0,2.0,50.0,46.0,39.0,41.0,30.0,4.0
KKC0683,Kessie Kay Cooper,7,0.0,8.0,0.0,0.0,0.0,32.0,37.0,37.0,48.0,35.0,3.0
KKS0119,Kimberley Kiona Sosa,10,0.0,17.0,14.0,0.0,18.0,15.0,28.0,39.0,33.0,27.0,4.0
KKW0879,Keane Kennan Watts,7,147.0,14.0,4.0,38.0,1.0,36.0,42.0,21.0,31.0,27.0,4.0
KLH0596,Kasper Lance Huffman,7,0.0,1.0,0.0,0.0,0.0,30.0,10.0,35.0,12.0,29.0,3.0
KLM0639,Katelyn Lani Murray,7,0.0,3.0,0.0,0.0,0.0,20.0,15.0,24.0,40.0,26.0,3.0
KMB0922,Keegan Marvin Benson,16,18.0,9.0,9.0,22.0,0.0,43.0,43.0,17.0,24.0,27.0,7.0
KMS0657,Kay Maxine Skinner,7,0.0,3.0,0.0,0.0,0.0,17.0,31.0,21.0,17.0,29.0,3.0
KMW0545,Keely Mollie Weiss,10,0.0,17.0,9.0,0.0,2.0,19.0,16.0,18.0,23.0,32.0,3.0
KNB0022,Keane Nicholas Blevins,8,0.0,20.0,8.0,0.0,14.0,22.0,38.0,45.0,16.0,30.0,4.0
KNG0672,Kasimir Nehru Galloway,8,0.0,11.0,0.0,0.0,0.0,21.0,40.0,18.0,20.0,27.0,2.0
KNW0644,Keiko Naida Webb,7,0.0,0.0,0.0,0.0,0.0,15.0,20.0,23.0,15.0,25.0,3.0
KPC0073,Kareem Porter Collins,7,0.0,9.0,9.0,0.0,0.0,44.0,30.0,11.0,16.0,23.0,5.0
KPP0452,Kai Penelope Peck,7,0.0,1.0,2.0,0.0,0.0,44.0,46.0,44.0,16.0,19.0,3.0
KPR0497,Kirk Palmer Rosales,15,0.0,28.0,32.0,0.0,0.0,50.0,43.0,43.0,20.0,29.0,0.0
KQC0708,Kevyn Quin Charles,8,0.0,1.0,0.0,0.0,0.0,34.0,18.0,39.0,42.0,23.0,4.0
KQS0415,Kane Quinlan Stevenson,7,0.0,9.0,4.0,0.0,7.0,35.0,42.0,13.0,14.0,34.0,3.0
KRG0158,Kenyon Raja Galloway,8,0.0,11.0,4.0,0.0,17.0,34.0,38.0,42.0,14.0,27.0,4.0
KRL0062,Keaton Ronan Leonard,8,0.0,19.0,0.0,0.0,8.0,37.0,16.0,17.0,20.0,33.0,4.0
KRL0501,Kirby Ruby Lyons,7,32.0,15.0,0.0,20.0,0.0,18.0,27.0,23.0,28.0,26.0,0.0
KRM0541,Kimberley Roary Maldonado,7,0.0,9.0,3.0,0.0,0.0,40.0,20.0,38.0,36.0,23.0,3.0
KRV0372,Kennedy Robert Vega,32,0.0,15.0,8.0,0.0,0.0,40.0,39.0,25.0,35.0,32.0,18.0
KSH0569,Kameko Signe Harrison,7,0.0,16.0,17.0,0.0,0.0,15.0,39.0,23.0,14.0,22.0,1.0
KSP0357,Kennedy Shad Parker,36,0.0,15.0,4.0,0.0,0.0,41.0,40.0,29.0,19.0,24.0,26.0
KSP0966,Kenneth Steel Porter,8,0.0,1.0,0.0,0.0,2.0,42.0,36.0,19.0,24.0,35.0,4.0
KTG0091,Kendall Thaddeus Glover,8,0.0,17.0,3.0,0.0,11.0,46.0,41.0,16.0,15.0,29.0,4.0
KVS0425,Kirestin Vanna Sykes,7,0.0,18.0,6.0,0.0,0.0,20.0,19.0,21.0,30.0,35.0,4.0
KVT0028,Kessie Vielka Trevino,7,0.0,9.0,3.0,0.0,0.0,44.0,20.0,35.0,19.0,37.0,7.0
KWC0004,Kai Wynne Craft,8,0.0,26.0,3.0,0.0,0.0,23.0,38.0,39.0,20.0,27.0,2.0
KWE0082,Kane Walter Eaton,12,35.0,10.0,4.0,50.0,0.0,38.0,43.0,19.0,48.0,35.0,2.0
LAF0991,Lucas Ahmed Ferrell,9,0.0,9.0,9.0,0.0,0.0,40.0,39.0,36.0,22.0,34.0,3.0
LAM0911,Lillith Adena Matthews,10,0.0,15.0,7.0,0.0,0.0,42.0,43.0,27.0,38.0,22.0,3.0
LAP0338,Lynn Adena Pratt,15,0.0,9.0,3.0,0.0,59.0,42.0,23.0,33.0,45.0,31.0,11.0
LBC0356,Logan Branden Cherry,24,0.0,11.0,5.0,0.0,0.0,40.0,30.0,40.0,21.0,41.0,10.0
LBF0214,Leslie Briar Fields,18,11.0,39.0,30.0,12.0,154.0,18.0,44.0,18.0,38.0,28.0,7.0
LBH0942,Lyle Brady Hayes,14,172.0,19.0,3.0,204.0,101.0,40.0,42.0,23.0,30.0,29.0,5.0
LCB0664,Lysandra Chastity Brennan,14,136.0,14.0,5.0,14.0,0.0,16.0,19.0,36.0,24.0,32.0,2.0
LCC0819,Leslie Cassandra Colon,7,24.0,8.0,0.0,14.0,0.0,32.0,14.0,11.0,15.0,27.0,3.0
LCD0622,Leo Chaney Daugherty,8,0.0,15.0,0.0,0.0,0.0,30.0,26.0,13.0,14.0,26.0,3.0
LDB0090,Lani Dai Beard,8,0.0,14.0,5.0,0.0,14.0,40.0,14.0,39.0,41.0,34.0,4.0
LDD0560,Leslie Denise Dillon,9,0.0,20.0,15.0,0.0,95.0,25.0,43.0,39.0,26.0,35.0,2.0
LDG0459,Lacota Dahlia Good,14,6.0,1.0,0.0,9.0,0.0,20.0,41.0,10.0,50.0,34.0,5.0
LDM0587,Lila Dana Mcintyre,7,0.0,1.0,0.0,0.0,0.0,49.0,20.0,23.0,21.0,26.0,3.0
LEM0605,Leo Elmo Monroe,8,0.0,16.0,10.0,0.0,0.0,46.0,50.0,40.0,39.0,26.0,1.0
LFS0071,Lamar Francis Scott,7,0.0,11.0,0.0,0.0,4.0,48.0,31.0,14.0,17.0,25.0,5.0
LHB0606,Louis Hyatt Bruce,8,0.0,19.0,6.0,0.0,0.0,37.0,38.0,15.0,27.0,27.0,1.0
LHB0967,Leo Hasad Byrd,8,0.0,1.0,0.0,0.0,1.0,37.0,38.0,41.0,47.0,33.0,4.0
LHL0309,Lacota Hilda Lindsey,8,0.0,15.0,7.0,0.0,4.0,19.0,34.0,27.0,46.0,37.0,4.0
LHN0151,Lacota Helen Nash,8,0.0,5.0,3.0,0.0,0.0,13.0,15.0,19.0,32.0,26.0,0.0
LIM0674,Leah Idola Moran,14,4.0,11.0,11.0,3.0,6.0,18.0,13.0,35.0,49.0,20.0,2.0
LJB0826,Laith Jason Britt,7,0.0,1.0,0.0,0.0,0.0,38.0,21.0,39.0,15.0,32.0,3.0
LJJ0905,Lionel Jasper Johnston,9,0.0,3.0,4.0,0.0,0.0,43.0,36.0,12.0,22.0,30.0,3.0
LJR0523,Lavinia Justine Richmond,8,0.0,3.0,2.0,0.0,0.0,32.0,21.0,11.0,33.0,25.0,0.0
LJT0817,Luke Jacob Talley,9,36.0,12.0,7.0,33.0,0.0,39.0,43.0,38.0,39.0,24.0,3.0
LLV0602,Lee Lacey Velez,8,0.0,20.0,4.0,0.0,0.0,36.0,10.0,36.0,37.0,33.0,2.0
LMF0980,Leonard Malachi Floyd,11,0.0,14.0,13.0,0.0,5.0,42.0,45.0,12.0,44.0,35.0,4.0
LNR0656,Lacey Nomlanga Rasmussen,7,0.0,3.0,0.0,0.0,0.0,25.0,39.0,12.0,30.0,23.0,3.0
LNS0989,Lamar Nissim Strickland,12,0.0,5.0,3.0,0.0,0.0,34.0,38.0,45.0,30.0,31.0,7.0
LOF0311,Lionel Omar Fisher,8,0.0,15.0,9.0,0.0,4.0,41.0,15.0,36.0,10.0,32.0,4.0
LOM0086,Lane Oleg Mclaughlin,12,36.0,12.0,7.0,33.0,1.0,18.0,10.0,34.0,23.0,33.0,4.0
LPC0492,Lenore Piper Cardenas,7,0.0,15.0,10.0,0.0,0.0,30.0,23.0,22.0,30.0,26.0,0.0
LPH0572,Lunea Priscilla Hardy,7,0.0,1.0,2.0,0.0,0.0,40.0,13.0,17.0,38.0,36.0,3.0
LQC0479,Leilani Quail Callahan,7,0.0,15.0,0.0,0.0,0.0,27.0,38.0,34.0,17.0,36.0,0.0
LQP0508,Lester Quamar Pearson,11,0.0,3.0,2.0,0.0,0.0,26.0,44.0,21.0,40.0,27.0,0.0
LRR0148,Libby Rosalyn Richard,15,33.0,29.0,11.0,23.0,160.0,21.0,19.0,14.0,14.0,29.0,7.0
LRW0970,Lilah Renee Wagner,8,0.0,2.0,2.0,0.0,1.0,10.0,26.0,39.0,22.0,28.0,4.0
LTS0860,Leila Tallulah Steele,7,0.0,15.0,7.0,0.0,6.0,48.0,20.0,29.0,20.0,31.0,4.0
LUR0896,Leonard Uriel Ramos,11,0.0,3.0,2.0,0.0,0.0,15.0,11.0,47.0,43.0,28.0,5.0
MAD0496,Martin Armand Douglas,9,0.0,30.0,8.0,0.0,162.0,34.0,30.0,40.0,42.0,24.0,0.0
MAD0753,Mallory Alexis Daniel,8,0.0,15.0,6.0,0.0,0.0,50.0,30.0,36.0,41.0,33.0,0.0
MAE0331,Magee Ashton Evans,7,0.0,3.0,2.0,0.0,0.0,36.0,39.0,18.0,12.0,28.0,7.0
MAH0149,Myles August Heath,11,0.0,11.0,5.0,0.0,0.0,41.0,39.0,38.0,27.0,40.0,0.0
MAH0864,Malik Adrian Hebert,7,0.0,19.0,13.0,0.0,2.0,30.0,46.0,25.0,20.0,25.0,4.0
MAR0955,Micah Abdul Rojas,8,0.0,1.0,0.0,0.0,1.0,36.0,44.0,23.0,44.0,25.0,4.0
MAS0025,Melissa Ava Stuart,7,0.0,14.0,0.0,0.0,0.0,23.0,14.0,20.0,21.0,23.0,4.0
MAW0166,Meredith Ainsley Wolf,8,0.0,16.0,0.0,0.0,11.0,44.0,16.0,21.0,17.0,34.0,4.0
MBG0438,Melvin Brody Garza,8,0.0,9.0,3.0,0.0,0.0,38.0,17.0,37.0,16.0,29.0,2.0
MBJ0312,Meghan Brianna Jensen,12,47.0,19.0,12.0,20.0,0.0,22.0,45.0,49.0,12.0,26.0,4.0
MBR0724,Montana Basia Roberts,8,0.0,1.0,0.0,0.0,0.0,33.0,44.0,18.0,35.0,31.0,4.0
MBW0809,Marshall Benjamin Wilcox,7,0.0,9.0,10.0,0.0,0.0,43.0,45.0,44.0,18.0,19.0,3.0
MCD0125,Mallory Charissa Dixon,15,6.0,20.0,14.0,19.0,95.0,36.0,26.0,50.0,22.0,23.0,4.0
MCF0327,Martina Cassandra Fields,8,0.0,16.0,0.0,0.0,0.0,39.0,41.0,24.0,44.0,25.0,4.0
MCF0600,Maxwell Clark Faulkner,9,0.0,2.0,0.0,0.0,10.0,39.0,49.0,13.0,26.0,27.0,4.0
MCJ0324,Melodie Chantale Joyce,8,0.0,15.0,6.0,0.0,1.0,28.0,20.0,40.0,20.0,36.0,4.0
MCS0035,Mallory Carol Spence,8,0.0,26.0,0.0,0.0,3.0,42.0,17.0,38.0,15.0,33.0,4.0
MCT0720,Macey Christen Turner,8,0.0,1.0,0.0,0.0,0.0,34.0,12.0,20.0,22.0,37.0,4.0
MDH0580,Morgan Deborah Hoover,7,26.0,1.0,3.0,18.0,0.0,41.0,37.0,18.0,40.0,31.0,3.0
MDH0686,Maxwell Dante Hutchinson,15,0.0,18.0,24.0,0.0,95.0,37.0,43.0,31.0,20.0,38.0,5.0
MDM0625,Melyssa Deirdre Morgan,11,126.0,4.0,0.0,175.0,0.0,18.0,42.0,36.0,27.0,24.0,2.0
MDM0976,Myles Donovan Macias,7,0.0,11.0,0.0,0.0,0.0,41.0,40.0,38.0,20.0,31.0,3.0
MES0407,Minerva Emerald Solomon,7,0.0,11.0,7.0,0.0,0.0,38.0,44.0,25.0,47.0,37.0,4.0
MFV0897,Meredith Florence Valdez,7,0.0,3.0,0.0,0.0,0.0,18.0,13.0,23.0,25.0,33.0,3.0
MGS0974,Mari Gretchen Shaw,7,8.0,11.0,3.0,3.0,0.0,17.0,39.0,39.0,40.0,27.0,3.0
MHA0798,Montana Hannah Arnold,7,0.0,9.0,0.0,0.0,0.0,11.0,27.0,17.0,22.0,40.0,0.0
MHG0244,Matthew Harper Glass,8,0.0,10.0,0.0,0.0,2.0,42.0,46.0,21.0,15.0,22.0,1.0
MHG0733,Maxwell Hammett Green,8,0.0,15.0,0.0,0.0,0.0,43.0,30.0,24.0,42.0,29.0,1.0
MHH0180,Merrill Hiram Hess,13,0.0,6.0,3.0,0.0,30.0,19.0,41.0,35.0,10.0,29.0,9.0
MIB0904,Margaret Illana Burch,9,0.0,3.0,3.0,0.0,0.0,22.0,21.0,34.0,38.0,25.0,3.0
MIC0726,Martin Ivan Cooper,8,0.0,15.0,5.0,0.0,0.0,32.0,41.0,43.0,17.0,23.0,1.0
MIL0255,Mercedes Ina Landry,8,0.0,9.0,4.0,0.0,1.0,38.0,16.0,39.0,21.0,27.0,4.0
MIM0712,Mariko Ivana Mckee,8,0.0,1.0,3.0,0.0,1.0,16.0,15.0,39.0,23.0,22.0,4.0
MJB0588,Mikayla Jaden Barron,7,0.0,1.0,0.0,0.0,0.0,39.0,24.0,15.0,47.0,38.0,3.0
MJM0510,Macon Joseph Morrison,13,0.0,5.0,6.0,0.0,0.0,32.0,33.0,22.0,18.0,39.0,0.0
MJS0890,Mira Jamalia Snow,7,0.0,3.0,3.0,0.0,0.0,10.0,26.0,16.0,11.0,29.0,3.0
MKG0711,Myra Kay Greer,8,0.0,1.0,0.0,0.0,0.0,17.0,26.0,43.0,32.0,38.0,4.0
MKL0941,Madonna Kristen Love,8,0.0,10.0,0.0,0.0,5.0,16.0,26.0,20.0,38.0,30.0,4.0
MKP0861,Macon Kyle Pope,11,0.0,15.0,16.0,0.0,4.0,36.0,42.0,39.0,34.0,29.0,4.0
MKS0204,MacKenzie Kristen Stewart,7,0.0,13.0,3.0,0.0,7.0,21.0,30.0,21.0,16.0,31.0,4.0
MKW0441,Macy Karleigh Winters,11,30.0,3.0,3.0,5.0,0.0,15.0,25.0,45.0,20.0,34.0,2.0
MLD0755,Meredith Lunea Delaney,12,0.0,15.0,11.0,0.0,0.0,24.0,18.0,19.0,43.0,37.0,2.0
MLG0475,Melodie Lee Glenn,7,0.0,2.0,0.0,0.0,0.0,45.0,16.0,18.0,19.0,25.0,4.0
MLL0598,Marcia Lillian Lynn,7,121.0,1.0,0.0,3.0,0.0,44.0,17.0,23.0,49.0,29.0,3.0
MLM0950,Madison Lydia Morrison,16,47.0,3.0,0.0,73.0,10.0,24.0,20.0,29.0,23.0,36.0,5.0
MLP0668,Medge Liberty Petersen,8,0.0,9.0,11.0,0.0,0.0,40.0,17.0,16.0,43.0,33.0,2.0
MMB0488,Maggy Melissa Burt,7,0.0,16.0,3.0,0.0,0.0,21.0,18.0,16.0,24.0,27.0,0.0
MMG0943,MacKensie Mara Grant,8,0.0,9.0,10.0,0.0,7.0,23.0,27.0,28.0,34.0,26.0,4.0
MNC0717,Mufutau Nehru Contreras,15,0.0,2.0,0.0,0.0,0.0,30.0,37.0,22.0,22.0,34.0,8.0
MNR0829,Maryam Nelle Ruiz,7,0.0,0.0,0.0,0.0,0.0,41.0,33.0,40.0,15.0,23.0,3.0
MNS0224,Medge Nichole Sims,24,0.0,17.0,5.0,0.0,2.0,46.0,21.0,22.0,45.0,30.0,20.0
MOH0273,Macaulay Otto Hopkins,9,157.0,14.0,2.0,206.0,100.0,39.0,40.0,47.0,50.0,26.0,5.0
MOP0763,Merritt Oliver Phelps,8,0.0,3.0,0.0,0.0,0.0,43.0,41.0,22.0,20.0,33.0,0.0
MOS0047,Mariko Olga Snyder,41,82.0,15.0,16.0,56.0,2.0,49.0,39.0,24.0,34.0,23.0,28.0
MPM0220,Meghan Phoebe Macias,35,182.0,13.0,8.0,223.0,8.0,35.0,20.0,42.0,22.0,20.0,22.0
MPT0376,Meredith Pamela Tanner,15,18.0,9.0,7.0,20.0,0.0,19.0,37.0,41.0,48.0,35.0,2.0
MSD0939,Miriam Shoshana Donovan,8,0.0,17.0,6.0,0.0,2.0,24.0,37.0,15.0,42.0,31.0,4.0
MSG0839,Malcolm Sebastian Garrison,7,0.0,1.0,0.0,0.0,0.0,42.0,46.0,19.0,39.0,29.0,3.0
MSH0040,Megan Simone Hess,22,0.0,14.0,8.0,0.0,6.0,41.0,11.0,44.0,27.0,31.0,16.0
MSO0222,Medge Serina Obrien,26,0.0,11.0,0.0,0.0,3.0,32.0,12.0,39.0,46.0,28.0,22.0
MSS0001,Mona Susan Shannon,11,0.0,36.0,3.0,0.0,0.0,21.0,44.0,24.0,45.0,19.0,1.0
MSZ0310,Molly Sacha Zimmerman,8,0.0,18.0,10.0,0.0,0.0,24.0,38.0,18.0,31.0,29.0,4.0
MTB0620,Malachi Thor Butler,10,42.0,29.0,23.0,36.0,0.0,38.0,44.0,41.0,50.0,28.0,2.0
MTT0901,Mohammad Taylor Terrell,10,42.0,3.0,3.0,47.0,0.0,41.0,34.0,30.0,40.0,30.0,3.0
MVB0515,Mallory Virginia Bender,13,21.0,3.0,3.0,41.0,0.0,38.0,14.0,33.0,31.0,28.0,0.0
MVF0594,Mohammad Vladimir Farrell,7,0.0,1.0,0.0,0.0,0.0,35.0,38.0,33.0,44.0,36.0,3.0
MVH0373,Madonna Veronica Hardy,30,0.0,11.0,12.0,0.0,0.0,44.0,19.0,20.0,21.0,25.0,22.0
MYD0978,Mark Yardley Dunlap,7,0.0,11.0,4.0,0.0,0.0,39.0,32.0,36.0,13.0,32.0,4.0
NAB0801,Nelle April Bowen,7,0.0,8.0,0.0,0.0,0.0,28.0,34.0,10.0,41.0,29.0,0.0
NAB0903,Noah Andrew Beck,7,0.0,1.0,0.0,0.0,0.0,44.0,30.0,19.0,30.0,37.0,3.0
NAF0033,Nicolas Alvin Fitzpatrick,8,0.0,14.0,2.0,0.0,7.0,34.0,40.0,19.0,35.0,29.0,4.0
NAF0326,Nichole Azalia Frye,16,42.0,32.0,25.0,45.0,172.0,33.0,15.0,25.0,20.0,30.0,7.0
NAH0503,Nicole Aurelia Hanson,11,0.0,30.0,9.0,0.0,162.0,33.0,17.0,23.0,35.0,38.0,0.0
NAR0981,Nigel Addison Rios,7,0.0,16.0,11.0,0.0,2.0,39.0,39.0,16.0,50.0,36.0,4.0
NBC0412,Nyssa Britanney Carver,7,0.0,10.0,6.0,0.0,0.0,14.0,25.0,18.0,18.0,31.0,3.0
NBH0256,Nicolas Brandon Hendrix,8,0.0,14.0,8.0,0.0,2.0,41.0,43.0,14.0,21.0,22.0,4.0
NCE0097,Nehru Cyrus Everett,7,0.0,9.0,0.0,0.0,10.0,48.0,36.0,20.0,11.0,35.0,4.0
NCH0179,Nina Camille Hodges,7,0.0,11.0,9.0,0.0,11.0,17.0,12.0,40.0,17.0,25.0,7.0
NCK0295,Noble Clinton Klein,7,0.0,1.0,0.0,0.0,0.0,31.0,30.0,38.0,36.0,34.0,1.0
NCK0421,Nash Conan Knight,7,0.0,9.0,0.0,0.0,0.0,40.0,41.0,18.0,43.0,24.0,5.0
NCO0666,Nicholas Cade Owen,11,0.0,8.0,6.0,0.0,0.0,40.0,45.0,10.0,12.0,31.0,2.0
NDM0417,Noble Devin Mack,13,28.0,11.0,13.0,33.0,0.0,44.0,36.0,50.0,12.0,34.0,3.0
NGC0058,Nadine Gay Cross,11,4.0,18.0,13.0,3.0,100.0,44.0,45.0,39.0,15.0,27.0,7.0
NGF0157,Nissim Gil French,16,6.0,22.0,13.0,9.0,99.0,45.0,38.0,22.0,46.0,32.0,7.0
NGO0690,Nigel Gareth Ochoa,10,0.0,11.0,8.0,0.0,0.0,43.0,41.0,41.0,17.0,24.0,3.0
NHE0919,Nigel Harrison Estrada,9,0.0,9.0,8.0,0.0,0.0,25.0,16.0,32.0,21.0,24.0,3.0
NHH0185,Nathaniel Hunter Heath,7,0.0,2.0,0.0,0.0,1.0,41.0,43.0,19.0,21.0,33.0,7.0
NIH0969,Naida Imelda Hughes,11,0.0,1.0,0.0,0.0,1.0,43.0,25.0,43.0,22.0,22.0,4.0
NJB0243,Norman Jackson Beck,8,0.0,16.0,2.0,0.0,0.0,23.0,35.0,37.0,24.0,34.0,2.0
NJC0705,Nicolas James Cantu,8,0.0,1.0,0.0,0.0,1.0,43.0,39.0,29.0,36.0,31.0,4.0
NKH0807,Nicolas Kadeem Hayden,7,0.0,9.0,9.0,0.0,0.0,45.0,44.0,40.0,22.0,20.0,3.0
NKH0979,Nathan Kenneth Hicks,15,0.0,10.0,5.0,0.0,6.0,30.0,39.0,42.0,22.0,35.0,6.0
NKP0236,Nicholas Kato Pennington,7,6.0,11.0,2.0,8.0,0.0,45.0,41.0,19.0,40.0,31.0,2.0
NLO0131,Nevada Leilani Ortega,7,0.0,1.0,0.0,0.0,0.0,19.0,13.0,46.0,40.0,29.0,1.0
NMB0972,Naomi Meredith Baxter,8,0.0,1.0,0.0,0.0,1.0,45.0,22.0,17.0,20.0,29.0,4.0
NMC0486,Nicole Macey Craig,7,0.0,15.0,0.0,0.0,0.0,42.0,10.0,23.0,21.0,27.0,0.0
NMF0780,Noble Merrill Fuller,8,0.0,2.0,3.0,0.0,0.0,44.0,38.0,36.0,20.0,34.0,0.0
NMG0766,Nichole Melodie Gilbert,8,0.0,3.0,0.0,0.0,0.0,16.0,23.0,42.0,40.0,31.0,0.0
NMS0280,Nell Mari Schneider,9,10.0,5.0,5.0,17.0,30.0,39.0,42.0,26.0,37.0,27.0,4.0
NNA0610,Nola Nerea Ayala,8,0.0,28.0,0.0,0.0,0.0,21.0,35.0,18.0,43.0,26.0,2.0
NNS0059,Noah Nathan Shaffer,7,0.0,9.0,14.0,0.0,0.0,42.0,23.0,48.0,23.0,25.0,4.0
NOB0181,Nevada Odette Bass,19,28.0,12.0,12.0,50.0,59.0,31.0,21.0,21.0,41.0,25.0,13.0
NRD0548,Nissim Rafael Delacruz,7,0.0,9.0,0.0,0.0,0.0,41.0,37.0,41.0,15.0,31.0,2.0
NRF0137,Noel Reagan Foster,7,0.0,1.0,0.0,0.0,0.0,10.0,49.0,38.0,17.0,32.0,3.0
NRO0768,Nora Regina Oconnor,8,0.0,3.0,2.0,0.0,0.0,18.0,18.0,41.0,25.0,36.0,0.0
NSC0597,Neve Sarah Crane,7,0.0,1.0,2.0,0.0,0.0,19.0,13.0,11.0,44.0,31.0,3.0
NSS0876,Natalie Sheila Santiago,7,0.0,15.0,0.0,0.0,15.0,26.0,20.0,25.0,42.0,31.0,4.0
NUL0471,Nero Uriel Little,9,0.0,1.0,2.0,0.0,0.0,35.0,38.0,38.0,26.0,37.0,3.0
NWK0215,Noelani Wynter Kennedy,16,0.0,29.0,21.0,0.0,290.0,21.0,19.0,45.0,18.0,24.0,6.0
NWT0098,Nehru Wyatt Tate,7,32.0,14.0,5.0,9.0,7.0,35.0,39.0,26.0,36.0,33.0,4.0
OBH0499,Orson Barrett Houston,16,184.0,30.0,14.0,19.0,162.0,35.0,18.0,41.0,16.0,34.0,2.0
OCB0805,Oren Curran Brady,7,0.0,9.0,3.0,0.0,0.0,37.0,33.0,42.0,16.0,18.0,0.0
OCS0865,Oren Clinton Sharpe,10,27.0,15.0,15.0,17.0,0.0,29.0,24.0,43.0,35.0,32.0,4.0
OHC0973,Otto Hedley Chase,8,0.0,2.0,0.0,0.0,2.0,42.0,24.0,42.0,17.0,35.0,4.0
OJK0233,Octavius Judah Kirby,7,0.0,16.0,7.0,0.0,0.0,40.0,36.0,14.0,22.0,33.0,5.0
OKB0439,Oleg Kane Britt,8,0.0,13.0,13.0,0.0,0.0,41.0,42.0,30.0,25.0,27.0,1.0
OKC0107,Octavius Kelly Castaneda,7,0.0,8.0,7.0,0.0,0.0,32.0,40.0,16.0,47.0,35.0,3.0
OLB0749,Oscar Laith Berger,8,0.0,15.0,0.0,0.0,0.0,43.0,35.0,20.0,39.0,36.0,2.0
OLF0504,Oliver Logan Fowler,7,0.0,15.0,0.0,0.0,0.0,41.0,43.0,20.0,41.0,31.0,0.0
OLW0689,Owen Len Wheeler,10,26.0,9.0,6.0,25.0,0.0,22.0,25.0,40.0,35.0,27.0,3.0
OMM0944,Octavia May Maddox,8,0.0,2.0,0.0,0.0,2.0,17.0,14.0,27.0,21.0,29.0,4.0
OMS0101,Ocean Maite Summers,7,0.0,10.0,11.0,0.0,7.0,20.0,12.0,21.0,22.0,29.0,4.0
ONL0276,Octavia Nora Leblanc,7,0.0,16.0,5.0,0.0,10.0,48.0,46.0,17.0,41.0,20.0,4.0
ONW0083,Oscar Nolan Wooten,8,0.0,4.0,0.0,0.0,0.0,46.0,30.0,25.0,30.0,26.0,1.0
OQH0183,Olivia Quynn Hardy,7,0.0,5.0,0.0,0.0,3.0,34.0,38.0,18.0,33.0,23.0,7.0
ORB0473,Owen Ross Burks,7,0.0,2.0,2.0,0.0,0.0,38.0,44.0,46.0,38.0,38.0,3.0
ORG0339,Olivia Rose Galloway,7,0.0,3.0,2.0,0.0,1.0,50.0,28.0,46.0,47.0,20.0,7.0
ORM0669,Orla Ruth Mckenzie,10,0.0,9.0,6.0,0.0,0.0,44.0,39.0,28.0,39.0,36.0,1.0
OSH0655,Olympia Shafira Harrison,7,0.0,3.0,0.0,0.0,0.0,16.0,21.0,42.0,39.0,28.0,3.0
OYM0026,Orla Yolanda Middleton,7,0.0,9.0,3.0,0.0,0.0,23.0,26.0,18.0,36.0,28.0,3.0
PAD0773,Patience Audrey Douglas,14,8.0,6.0,0.0,26.0,0.0,36.0,21.0,14.0,16.0,38.0,0.0
PBP0002,Price Bevis Pittman,8,0.0,20.0,0.0,0.0,0.0,49.0,35.0,23.0,10.0,27.0,1.0
PDH0716,Phelan Dieter Hendricks,11,33.0,1.0,3.0,38.0,0.0,40.0,16.0,14.0,10.0,24.0,4.0
PDW0259,Patricia Denise Wright,12,0.0,14.0,3.0,0.0,3.0,43.0,32.0,38.0,36.0,33.0,4.0
PES0085,Patricia Emily Salazar,10,0.0,11.0,13.0,0.0,19.0,35.0,24.0,18.0,30.0,22.0,4.0
PEV0323,Plato Ethan Valdez,14,0.0,15.0,14.0,0.0,5.0,47.0,34.0,40.0,22.0,29.0,5.0
PGC0066,Prescott Giacomo Conley,7,0.0,16.0,13.0,0.0,0.0,32.0,39.0,28.0,43.0,26.0,4.0
PGH0184,Peter Gil Harrington,10,0.0,6.0,6.0,0.0,6.0,30.0,35.0,33.0,22.0,25.0,7.0
PGO0433,Pearl Georgia Owen,8,0.0,9.0,11.0,0.0,0.0,44.0,40.0,19.0,46.0,35.0,3.0
PID0426,Portia Illana David,10,0.0,9.0,9.0,0.0,0.0,43.0,19.0,39.0,44.0,23.0,4.0
PIS0522,Paula Isabelle Santiago,12,0.0,3.0,3.0,0.0,0.0,44.0,26.0,48.0,40.0,35.0,0.0
PKB0281,Preston Kennan Burns,7,0.0,8.0,0.0,0.0,0.0,39.0,12.0,44.0,26.0,25.0,3.0
PKB0429,Philip Keith Barron,8,0.0,9.0,4.0,0.0,0.0,34.0,42.0,43.0,40.0,22.0,1.0
PLH0715,Penelope Lysandra Hayes,8,0.0,2.0,0.0,0.0,0.0,42.0,37.0,19.0,37.0,29.0,4.0
PLH0862,Prescott Laith Harding,7,0.0,21.0,0.0,0.0,0.0,32.0,37.0,25.0,16.0,32.0,4.0
PMC0328,Penelope Montana Colon,11,22.0,3.0,0.0,17.0,3.0,20.0,43.0,10.0,36.0,33.0,7.0
PMJ0564,Paula Madaline Jackson,14,0.0,2.0,2.0,0.0,0.0,30.0,21.0,40.0,14.0,39.0,2.0
PMV0850,Priscilla Martha Vinson,13,14.0,1.0,0.0,5.0,0.0,23.0,39.0,12.0,42.0,23.0,7.0
PNH0761,Phelan Nissim Howell,8,6.0,6.0,2.0,73.0,0.0,36.0,49.0,27.0,32.0,30.0,0.0
PNL0301,Philip Nathan Logan,7,36.0,1.0,0.0,8.0,0.0,50.0,43.0,30.0,43.0,31.0,3.0
POB0343,Preston Odysseus Bryan,7,0.0,4.0,0.0,0.0,3.0,46.0,19.0,44.0,27.0,34.0,7.0
PPF0435,Preston Plato Fischer,8,0.0,12.0,0.0,0.0,0.0,42.0,17.0,48.0,24.0,27.0,1.0
PRM0740,Price Rashad Mullen,8,0.0,15.0,0.0,0.0,0.0,45.0,40.0,45.0,42.0,27.0,2.0
PSF0133,Piper Sasha Fuentes,7,34.0,1.0,0.0,10.0,0.0,42.0,40.0,11.0,36.0,33.0,3.0
PTH0552,Philip Travis Hartman,10,0.0,12.0,6.0,0.0,0.0,20.0,13.0,32.0,20.0,28.0,2.0
PTH0830,Peter Tad Hartman,9,0.0,2.0,0.0,0.0,10.0,43.0,44.0,42.0,43.0,34.0,4.0
QCH0110,Quinn Coby Hays,7,0.0,4.0,0.0,0.0,0.0,34.0,35.0,17.0,37.0,27.0,3.0
QJR0688,Quyn Jolie Rosario,11,18.0,10.0,4.0,12.0,0.0,19.0,18.0,22.0,26.0,35.0,3.0
QNF0205,Quentin Nolan Fitzpatrick,7,0.0,10.0,3.0,0.0,0.0,35.0,41.0,22.0,21.0,29.0,4.0
QNP0216,Quemby Nita Pollard,20,0.0,11.0,0.0,0.0,3.0,19.0,35.0,39.0,26.0,34.0,14.0
QOS0878,Quynn Odessa Sanford,16,51.0,29.0,15.0,2.0,162.0,18.0,12.0,20.0,16.0,29.0,5.0
QPM0727,Quincy Preston Moses,8,0.0,15.0,0.0,0.0,4.0,43.0,40.0,18.0,34.0,34.0,1.0
QRM0739,Quail Rana Mclean,8,129.0,15.0,10.0,162.0,0.0,33.0,11.0,26.0,29.0,30.0,1.0
QSV0778,Quintessa Shana Vance,8,0.0,3.0,0.0,0.0,0.0,17.0,23.0,36.0,35.0,33.0,0.0
RAB0589,Raymond Arsenio Blackwell,13,0.0,1.0,0.0,0.0,0.0,36.0,35.0,26.0,14.0,31.0,3.0
RAG0275,Rashad Aristotle Guerrero,7,0.0,10.0,5.0,0.0,3.0,23.0,38.0,35.0,41.0,32.0,4.0
RAH0440,Rashad August Hatfield,8,0.0,9.0,0.0,0.0,0.0,18.0,15.0,43.0,16.0,24.0,2.0
RAM0447,Ramona Alma Moses,12,0.0,2.0,2.0,0.0,10.0,35.0,12.0,23.0,45.0,39.0,4.0
RAR0725,Raphael Aristotle Ray,8,27.0,1.0,0.0,13.0,1.0,32.0,32.0,25.0,20.0,35.0,4.0
RAS0432,Robert Aristotle Stevenson,10,0.0,9.0,6.0,0.0,0.0,44.0,47.0,40.0,41.0,16.0,1.0
RAW0915,Robert Ali Webb,14,12.0,16.0,12.0,2.0,100.0,43.0,50.0,21.0,43.0,24.0,4.0
RBB0485,Raphael Benjamin Bryan,7,0.0,20.0,0.0,0.0,0.0,40.0,40.0,35.0,30.0,26.0,0.0
RCC0617,Rogan Chandler Coffey,7,0.0,15.0,0.0,0.0,2.0,33.0,50.0,13.0,12.0,27.0,1.0
RCP0785,Reed Chaim Perkins,8,0.0,3.0,0.0,0.0,0.0,42.0,38.0,43.0,30.0,32.0,0.0
RDM0115,Rina Denise Mcgee,8,0.0,12.0,7.0,0.0,21.0,42.0,17.0,39.0,15.0,30.0,4.0
RDM0150,Raven Deirdre Morrison,8,0.0,9.0,2.0,0.0,0.0,39.0,15.0,37.0,26.0,30.0,0.0
RDT0424,Rosalyn Daphne Tillman,11,16.0,13.0,14.0,15.0,1.0,38.0,44.0,19.0,34.0,28.0,6.0
RFP0380,Reuben Fulton Pugh,8,0.0,12.0,4.0,0.0,0.0,39.0,39.0,20.0,20.0,32.0,2.0
RGG0064,Riley Ginger Guy,11,0.0,15.0,17.0,0.0,10.0,36.0,19.0,20.0,42.0,34.0,4.0
RGH0728,Raymond Gray Hyde,8,0.0,16.0,6.0,0.0,1.0,19.0,20.0,37.0,18.0,29.0,1.0
RGN0408,Rhona Germane Nelson,7,0.0,10.0,15.0,0.0,0.0,11.0,21.0,22.0,22.0,32.0,5.0
RHC0335,Roth Hu Conner,7,0.0,3.0,0.0,0.0,2.0,36.0,35.0,40.0,46.0,25.0,7.0
RHL0992,Rachel Hermione Le,12,32.0,9.0,10.0,13.0,0.0,36.0,10.0,39.0,37.0,36.0,5.0
RHO0732,Risa Hillary Obrien,15,32.0,20.0,14.0,22.0,0.0,20.0,10.0,21.0,19.0,34.0,0.0
RHP0484,Randall Hashim Palmer,10,0.0,16.0,2.0,0.0,0.0,35.0,37.0,24.0,16.0,31.0,0.0
RHY0079,Rose Hanae Yates,7,0.0,18.0,3.0,0.0,0.0,20.0,19.0,14.0,21.0,26.0,3.0
RIH0777,Renee Ivana Hayden,8,0.0,3.0,2.0,0.0,0.0,26.0,44.0,19.0,16.0,27.0,0.0
RJB0088,Roary Jane Barrett,8,0.0,9.0,0.0,0.0,6.0,20.0,42.0,37.0,45.0,24.0,4.0
RJM0381,Rogan Judah Mcintyre,8,0.0,11.0,22.0,0.0,0.0,41.0,47.0,44.0,41.0,25.0,2.0
RKD0604,Rebecca Kelsie Daugherty,8,0.0,15.0,2.0,0.0,0.0,17.0,46.0,36.0,38.0,31.0,2.0
RKF0164,Ryan Kelly Frost,8,0.0,9.0,4.0,0.0,11.0,40.0,42.0,17.0,18.0,42.0,4.0
RLB0719,Risa Laura Bolton,8,0.0,1.0,3.0,0.0,0.0,14.0,18.0,15.0,40.0,35.0,4.0
RLG0856,Risa Lana Guthrie,11,18.0,15.0,7.0,3.0,7.0,18.0,36.0,42.0,18.0,26.0,4.0
RMS0266,Roth Mannix Simon,8,0.0,10.0,0.0,0.0,5.0,33.0,40.0,25.0,23.0,37.0,4.0
RMW0542,Rae Melissa Wilson,7,28.0,9.0,0.0,20.0,0.0,17.0,21.0,20.0,13.0,41.0,4.0
RNF0765,Ria Neve Flores,8,0.0,3.0,0.0,0.0,0.0,41.0,22.0,37.0,41.0,25.0,0.0
RNL0695,Reece Nicolas Lopez,11,0.0,9.0,3.0,0.0,0.0,47.0,41.0,44.0,19.0,36.0,3.0
RNP0211,Rowan Neve Parks,10,46.0,18.0,23.0,66.0,17.0,39.0,15.0,25.0,40.0,30.0,4.0
ROB0272,Raymond Otto Bond,7,0.0,17.0,0.0,0.0,12.0,39.0,45.0,23.0,41.0,34.0,4.0
RRA0938,Rogan Reuben Alexander,11,0.0,9.0,7.0,0.0,13.0,35.0,36.0,21.0,38.0,29.0,4.0
RRC0553,Raya Regan Church,14,25.0,18.0,3.0,181.0,95.0,40.0,14.0,24.0,38.0,29.0,4.0
RRP0568,Rhonda Rhona Parsons,9,12.0,9.0,3.0,29.0,0.0,43.0,50.0,38.0,18.0,33.0,3.0
RSC0089,Robert Samuel Chen,13,122.0,17.0,18.0,17.0,5.0,41.0,26.0,35.0,21.0,29.0,4.0
RSM0277,Roanna Sacha Monroe,15,12.0,11.0,7.0,0.0,0.0,37.0,38.0,20.0,50.0,22.0,8.0
RTO0313,Raymond Tate Osborne,14,0.0,26.0,18.0,0.0,3.0,44.0,45.0,25.0,17.0,27.0,6.0
RUM0880,Roary Ursa Massey,11,34.0,18.0,16.0,32.0,1.0,40.0,37.0,17.0,38.0,26.0,4.0
RVC0232,Rama Vielka Clayton,7,0.0,10.0,6.0,0.0,0.0,34.0,20.0,47.0,38.0,25.0,4.0
RVF0201,Reuben Victor Freeman,9,22.0,12.0,9.0,3.0,0.0,36.0,32.0,38.0,29.0,28.0,4.0
RYB0718,Ruth Yael Burris,8,0.0,2.0,0.0,0.0,0.0,19.0,18.0,42.0,13.0,21.0,4.0
RZC0746,Robert Zeus Cox,17,0.0,30.0,17.0,0.0,324.0,15.0,38.0,33.0,43.0,26.0,4.0
SAA0999,Shelly Audra Ayala,10,128.0,9.0,8.0,168.0,0.0,20.0,17.0,34.0,11.0,36.0,3.0
SAB0781,Serina Ariana Butler,12,14.0,3.0,3.0,50.0,0.0,36.0,35.0,24.0,30.0,28.0,0.0
SAC0592,Serina Amena Chavez,9,0.0,2.0,2.0,0.0,0.0,24.0,18.0,23.0,42.0,26.0,3.0
SAC0687,Samantha Audrey Curtis,7,0.0,9.0,3.0,0.0,0.0,20.0,49.0,37.0,19.0,22.0,3.0
SAH0599,Sylvia Ariana Head,7,0.0,1.0,2.0,0.0,0.0,13.0,22.0,44.0,18.0,22.0,3.0
SAK0375,Sonia Anne Kirkland,40,0.0,11.0,6.0,0.0,0.0,16.0,20.0,27.0,16.0,31.0,28.0
SAP0867,Sawyer Arden Puckett,7,0.0,15.0,0.0,0.0,9.0,13.0,25.0,43.0,19.0,30.0,5.0
SAT0194,Sawyer Abel Turner,7,0.0,14.0,4.0,0.0,0.0,14.0,19.0,36.0,23.0,35.0,3.0
SBD0913,Sandra Beverly Diaz,8,0.0,3.0,2.0,0.0,0.0,45.0,16.0,19.0,19.0,42.0,4.0
SBH0537,Stephanie Briar Harrington,11,12.0,16.0,13.0,27.0,0.0,34.0,21.0,14.0,13.0,33.0,2.0
SBK0161,Sharon Britanni Kerr,11,0.0,18.0,11.0,0.0,0.0,14.0,27.0,23.0,41.0,39.0,3.0
SBN0495,Sonya Beatrice Nichols,7,0.0,28.0,16.0,0.0,0.0,39.0,22.0,43.0,24.0,21.0,0.0
SBN0866,Salvador Byron Norton,7,11.0,17.0,15.0,76.0,4.0,41.0,34.0,41.0,24.0,22.0,4.0
SBN0971,Selma Barbara Nicholson,10,8.0,2.0,0.0,13.0,12.0,41.0,40.0,17.0,47.0,30.0,5.0
SBQ0786,Sasha Britanney Quinn,7,0.0,3.0,8.0,0.0,0.0,41.0,17.0,19.0,44.0,34.0,0.0
SCB0534,Sophia Cora Battle,8,0.0,3.0,0.0,0.0,0.0,20.0,18.0,35.0,22.0,29.0,0.0
SCF0608,Shana Callie Ferguson,7,0.0,16.0,4.0,0.0,0.0,35.0,18.0,42.0,42.0,36.0,2.0
SCP0130,Shannon Chantale Price,9,34.0,3.0,2.0,23.0,0.0,42.0,18.0,35.0,32.0,24.0,1.0
SDB0106,Stewart Dale Berger,10,0.0,9.0,12.0,0.0,0.0,35.0,46.0,26.0,27.0,37.0,3.0
SDF0017,Skyler Deborah Frazier,7,0.0,11.0,3.0,0.0,0.0,11.0,40.0,39.0,18.0,30.0,3.0
SDO0170,Samson Denton Oconnor,11,0.0,16.0,11.0,0.0,7.0,35.0,47.0,22.0,45.0,26.0,4.0
SED0886,Shelley Eleanor Dawson,14,0.0,3.0,2.0,0.0,0.0,22.0,18.0,18.0,35.0,28.0,3.0
SEJ0677,Samuel Eden James,8,0.0,9.0,0.0,0.0,0.0,44.0,39.0,23.0,36.0,25.0,2.0
SER0165,Stephanie Eliana Rasmussen,7,0.0,11.0,0.0,0.0,5.0,20.0,15.0,24.0,17.0,27.0,7.0
SES0477,Sebastian Elliott Sexton,10,0.0,18.0,14.0,0.0,0.0,38.0,40.0,13.0,39.0,29.0,0.0
SGB0140,Scott Gary Burks,15,0.0,1.0,1.0,0.0,0.0,50.0,45.0,40.0,16.0,24.0,3.0
SGG0787,Sara Gail George,10,0.0,23.0,30.0,0.0,0.0,14.0,27.0,10.0,20.0,31.0,3.0
SGM0021,Sybill Grace Mckay,11,50.0,11.0,5.0,62.0,14.0,41.0,12.0,26.0,41.0,33.0,4.0
SGS0268,Sylvester Guy Sanders,7,0.0,9.0,3.0,0.0,8.0,47.0,45.0,30.0,19.0,22.0,4.0
SHR0334,Salvador Herman Raymond,7,0.0,3.0,0.0,0.0,2.0,36.0,41.0,45.0,19.0,31.0,7.0
SHW0578,Seth Harlan Walls,7,0.0,1.0,0.0,0.0,0.0,39.0,42.0,14.0,49.0,31.0,3.0
SIJ0661,Sarah Imelda Juarez,8,0.0,14.0,3.0,0.0,0.0,40.0,17.0,14.0,15.0,21.0,2.0
SJC0333,Sloane Jade Cochran,11,0.0,6.0,3.0,0.0,4.0,22.0,39.0,31.0,36.0,29.0,7.0
SJF0094,Shea Jane Franks,8,0.0,20.0,16.0,0.0,6.0,35.0,19.0,16.0,44.0,30.0,4.0
SJO0209,Samson Jeremy Ortega,15,4.0,14.0,11.0,9.0,7.0,39.0,45.0,18.0,39.0,35.0,4.0
SJW0451,Sharon Jemima Whitehead,7,0.0,1.0,0.0,0.0,0.0,43.0,30.0,16.0,50.0,28.0,2.0
SKG0759,Sonia Karly Goodwin,8,0.0,3.0,4.0,0.0,0.0,22.0,15.0,43.0,41.0,26.0,0.0
SLB0049,Summer Leilani Boyer,7,0.0,17.0,11.0,0.0,0.0,14.0,27.0,16.0,22.0,20.0,0.0
SLP0762,Sydnee Leilani Parsons,8,0.0,5.0,0.0,0.0,0.0,26.0,13.0,40.0,18.0,26.0,0.0
SLT0907,Shelby Lila Turner,7,0.0,0.0,0.0,0.0,0.0,16.0,15.0,43.0,27.0,27.0,3.0
SMB0804,Sierra Margaret Barker,7,0.0,9.0,0.0,0.0,0.0,38.0,10.0,19.0,36.0,33.0,0.0
SMH0291,Shaeleigh MacKenzie Harris,16,0.0,3.0,0.0,0.0,20.0,23.0,22.0,10.0,24.0,32.0,2.0
SMW0084,Stephanie Mary Whitehead,8,0.0,10.0,6.0,0.0,0.0,20.0,37.0,39.0,48.0,27.0,2.0
SMY0792,Savannah Marcia Yang,13,20.0,9.0,3.0,23.0,0.0,43.0,37.0,39.0,42.0,25.0,0.0
SNC0187,Stuart Nicolas Cervantes,7,4.0,3.0,2.0,43.0,2.0,40.0,41.0,42.0,30.0,27.0,7.0
SNS0129,Sage Nichole Savage,8,0.0,11.0,7.0,0.0,11.0,26.0,10.0,43.0,35.0,30.0,4.0
SOB0360,Sean Omar Burgess,28,0.0,11.0,0.0,0.0,0.0,42.0,22.0,40.0,16.0,32.0,18.0
SOB0586,Slade Orson Burch,7,0.0,1.0,0.0,0.0,0.0,45.0,35.0,23.0,24.0,30.0,3.0
SOF0808,Steel Orson Fields,7,0.0,10.0,6.0,0.0,0.0,45.0,40.0,38.0,22.0,27.0,3.0
SOG0411,Suki Ori Grant,7,0.0,9.0,8.0,0.0,0.0,26.0,19.0,21.0,24.0,23.0,5.0
SPA0141,Scarlet Pearl Ashley,10,0.0,11.0,11.0,0.0,16.0,43.0,22.0,10.0,21.0,29.0,4.0
SRH0155,Sasha Rina Huffman,14,0.0,11.0,8.0,0.0,12.0,34.0,14.0,37.0,45.0,28.0,8.0
SRS0231,Sandra Roary Solomon,7,0.0,18.0,2.0,0.0,0.0,17.0,44.0,36.0,32.0,26.0,4.0
SSG0250,Steel Solomon Garrison,12,0.0,10.0,5.0,0.0,0.0,35.0,40.0,20.0,36.0,25.0,1.0
SSH0799,Sonya Samantha Hahn,12,0.0,9.0,7.0,0.0,0.0,23.0,18.0,31.0,31.0,40.0,0.0
SSJ0784,Sarah Susan Jarvis,18,0.0,9.0,3.0,0.0,58.0,19.0,39.0,12.0,45.0,34.0,0.0
SSR0278,Simone Scarlet Rose,7,0.0,9.0,0.0,0.0,0.0,34.0,32.0,45.0,15.0,24.0,3.0
SSS0345,Sybill Sage Shaw,7,0.0,3.0,0.0,0.0,6.0,40.0,21.0,38.0,16.0,20.0,7.0
SVL0803,Stephanie Victoria Lyons,7,0.0,9.0,0.0,0.0,0.0,27.0,35.0,20.0,36.0,32.0,0.0
SVL0940,September Vielka Livingston,8,0.0,10.0,2.0,0.0,13.0,15.0,42.0,26.0,15.0,34.0,4.0
SVS0871,Sylvia Velma Sweet,14,0.0,16.0,11.0,0.0,0.0,23.0,15.0,34.0,28.0,33.0,4.0
SXM0895,Sigourney Xandra Maddox,7,0.0,3.0,0.0,0.0,0.0,14.0,18.0,15.0,33.0,25.0,3.0
TAC0300,Timothy Arthur Carroll,7,0.0,1.0,0.0,0.0,0.0,15.0,38.0,18.0,18.0,36.0,2.0
TAP0551,Tara Alma Potts,10,0.0,8.0,8.0,0.0,0.0,25.0,17.0,27.0,20.0,22.0,4.0
TBT0461,Teagan Briar Townsend,7,0.0,2.0,0.0,0.0,0.0,43.0,42.0,13.0,30.0,28.0,4.0
TCD0009,Tasha Casey Dalton,7,0.0,15.0,8.0,0.0,0.0,44.0,28.0,44.0,38.0,23.0,0.0
TDG0962,Tyrone Damian Garner,13,0.0,2.0,0.0,0.0,1.0,42.0,40.0,36.0,26.0,21.0,4.0
TDJ0998,Tobias Dakota Jacobs,10,0.0,9.0,7.0,0.0,0.0,34.0,40.0,10.0,42.0,36.0,3.0
TDS0984,Tara Dai Stevenson,13,10.0,26.0,6.0,87.0,96.0,39.0,39.0,15.0,40.0,38.0,5.0
TEB0251,Theodore Eagan Bass,10,0.0,9.0,10.0,0.0,0.0,44.0,50.0,22.0,13.0,36.0,1.0
TEM0093,Thaddeus Emery Martin,8,0.0,10.0,8.0,0.0,5.0,28.0,24.0,45.0,14.0,30.0,4.0
TEM0977,Tara Echo Myers,7,0.0,11.0,0.0,0.0,0.0,22.0,19.0,40.0,45.0,29.0,4.0
TET0621,Tyler Eden Talley,8,0.0,15.0,17.0,0.0,0.0,30.0,37.0,44.0,32.0,27.0,2.0
THD0448,Tad Harlan Duncan,7,0.0,2.0,0.0,0.0,0.0,41.0,32.0,29.0,38.0,32.0,4.0
THR0873,Teagan Hedy Romero,7,124.0,19.0,20.0,169.0,1.0,37.0,44.0,21.0,40.0,38.0,4.0
TIW0299,Talon Ian Ware,7,0.0,1.0,0.0,0.0,0.0,34.0,19.0,19.0,12.0,31.0,1.0
TJB0302,Teegan Jillian Burris,7,0.0,1.0,0.0,0.0,0.0,42.0,47.0,24.0,40.0,29.0,3.0
TJD0996,Thor Jameson Diaz,7,0.0,9.0,5.0,0.0,0.0,34.0,22.0,42.0,16.0,32.0,3.0
TJG0582,Timon Jacob Gay,7,0.0,1.0,0.0,0.0,0.0,42.0,50.0,18.0,15.0,29.0,3.0
TLH0648,Tarik Linus Hubbard,7,0.0,2.0,0.0,0.0,0.0,32.0,35.0,18.0,24.0,26.0,3.0
TLK0993,Tallulah Liberty Kirby,7,0.0,8.0,0.0,0.0,0.0,41.0,36.0,40.0,35.0,22.0,3.0
TLM0797,Tobias Lucas Morin,7,0.0,15.0,18.0,0.0,0.0,43.0,42.0,34.0,23.0,36.0,0.0
TMA0069,Tobias Martin Ashley,7,0.0,9.0,2.0,0.0,0.0,33.0,38.0,42.0,14.0,33.0,4.0
TNM0961,Troy Nicolas Molina,10,30.0,1.0,0.0,8.0,1.0,37.0,50.0,39.0,17.0,32.0,4.0
TOR0193,Tarik Odysseus Rivera,11,0.0,10.0,11.0,0.0,0.0,30.0,40.0,25.0,45.0,30.0,3.0
TPH0474,Tad Patrick Hardin,7,0.0,2.0,0.0,0.0,0.0,44.0,39.0,14.0,21.0,35.0,4.0
TQS0212,Tasha Quail Sanchez,8,0.0,18.0,8.0,0.0,0.0,14.0,42.0,45.0,20.0,27.0,4.0
TRK0914,Teagan Raven Kennedy,7,0.0,10.0,3.0,0.0,0.0,40.0,19.0,14.0,33.0,30.0,3.0
TSB0437,Tamara Shaeleigh Best,8,0.0,3.0,0.0,0.0,0.0,26.0,23.0,16.0,30.0,26.0,3.0
TSG0906,Thomas Shad Guthrie,10,0.0,3.0,3.0,0.0,0.0,41.0,21.0,40.0,28.0,28.0,3.0
TSM0363,TaShya Savannah Mcgowan,34,0.0,17.0,9.0,0.0,0.0,34.0,19.0,20.0,39.0,33.0,22.0
TSM0927,Tana Sonya Moody,7,0.0,9.0,4.0,0.0,0.0,33.0,21.0,10.0,37.0,26.0,3.0
TSR0676,Todd Scott Roth,11,36.0,9.0,7.0,6.0,0.0,43.0,40.0,26.0,19.0,33.0,2.0
TTD1000,Tiger Tucker Dawson,7,0.0,15.0,9.0,0.0,0.0,34.0,34.0,24.0,40.0,29.0,3.0
TUC0632,Troy Uriah Conway,7,0.0,3.0,0.0,0.0,0.0,38.0,44.0,10.0,13.0,31.0,3.0
TVS0006,Thomas Vladimir Stokes,13,0.0,27.0,17.0,0.0,0.0,43.0,43.0,37.0,20.0,41.0,0.0
TVS0050,Todd Vance Spears,20,0.0,26.0,16.0,0.0,22.0,40.0,38.0,18.0,30.0,29.0,11.0
TYB0779,TaShya Yoko Bailey,11,0.0,3.0,2.0,0.0,0.0,24.0,20.0,35.0,36.0,34.0,0.0
UAD0771,Uriel Axel Diaz,10,33.0,3.0,2.0,30.0,0.0,46.0,34.0,15.0,30.0,31.0,0.0
UBF0645,Ursa Britanney Frederick,7,0.0,3.0,0.0,0.0,0.0,34.0,20.0,34.0,23.0,31.0,3.0
UCH0519,Ulric Colt Holt,8,0.0,3.0,0.0,0.0,0.0,33.0,40.0,20.0,47.0,28.0,0.0
UCS0227,Uriel Charles Solomon,7,0.0,9.0,0.0,0.0,1.0,22.0,32.0,41.0,35.0,34.0,5.0
UFK0208,Ulric Ferdinand Knapp,13,0.0,11.0,9.0,0.0,2.0,18.0,34.0,22.0,23.0,30.0,4.0
UIR0043,Ursula Idona Richard,26,0.0,15.0,6.0,0.0,12.0,19.0,37.0,23.0,38.0,32.0,20.0
UJC0737,Urielle Jane Carter,8,0.0,14.0,22.0,0.0,2.0,16.0,12.0,12.0,38.0,25.0,1.0
USH0199,Upton Sebastian Holt,8,10.0,10.0,6.0,7.0,10.0,44.0,39.0,46.0,36.0,25.0,4.0
VAA0087,Vincent Avram Aguirre,13,0.0,15.0,12.0,0.0,2.0,36.0,44.0,42.0,18.0,23.0,4.0
VCC0396,Vincent Craig Cunningham,14,26.0,9.0,7.0,32.0,0.0,21.0,45.0,16.0,37.0,23.0,7.0
VCY0751,Vincent Calvin Young,11,0.0,18.0,22.0,0.0,0.0,37.0,24.0,39.0,19.0,25.0,2.0
VEB0935,Valentine Elton Britt,8,0.0,6.0,0.0,0.0,8.0,46.0,37.0,39.0,20.0,32.0,4.0
VFM0814,Vernon Finn Mcgee,12,14.0,11.0,3.0,1.0,0.0,46.0,45.0,44.0,19.0,28.0,3.0
VIA0063,Vance Ira Alston,7,130.0,15.0,3.0,173.0,1.0,40.0,34.0,19.0,50.0,33.0,4.0
VLB0647,Valentine Lucian Benjamin,7,0.0,3.0,2.0,0.0,0.0,48.0,40.0,42.0,47.0,24.0,3.0
VMJ0147,Vera Mollie Jenkins,7,0.0,15.0,10.0,0.0,0.0,23.0,28.0,37.0,22.0,24.0,3.0
VMJ0546,Veda Martina Jacobson,10,32.0,14.0,12.0,59.0,0.0,20.0,37.0,29.0,39.0,26.0,2.0
VSA0230,Vivian Sarah Arnold,9,10.0,6.0,3.0,19.0,0.0,47.0,15.0,25.0,14.0,29.0,5.0
VSS0154,Vernon Samuel Sawyer,7,26.0,11.0,7.0,12.0,0.0,43.0,49.0,10.0,40.0,30.0,3.0
VTT0385,Vladimir Thomas Todd,10,121.0,11.0,3.0,3.0,0.0,14.0,26.0,17.0,36.0,28.0,2.0
WAB0143,William Aladdin Bennett,7,0.0,9.0,0.0,0.0,6.0,43.0,43.0,24.0,22.0,33.0,4.0
WAS0254,William Aristotle Sampson,10,0.0,18.0,10.0,0.0,2.0,43.0,37.0,16.0,18.0,35.0,4.0
WBC0192,Whoopi Britanney Camacho,10,8.0,22.0,12.0,1.0,6.0,47.0,36.0,39.0,39.0,27.0,4.0
WBC0315,William Beau Callahan,8,0.0,26.0,12.0,0.0,10.0,40.0,37.0,40.0,45.0,24.0,4.0
WDD0366,Wesley Dustin Dickerson,27,0.0,10.0,3.0,0.0,0.0,43.0,42.0,17.0,19.0,28.0,12.0
WDO0870,William Damian Oconnor,7,0.0,10.0,0.0,0.0,2.0,23.0,21.0,14.0,13.0,25.0,4.0
WDV0573,Wang Dean Vasquez,7,0.0,1.0,0.0,0.0,0.0,48.0,36.0,13.0,31.0,33.0,3.0
WGR0833,William Graham Rowe,7,0.0,1.0,0.0,0.0,0.0,38.0,46.0,24.0,38.0,42.0,3.0
WGS0516,Willa Giselle Stanton,8,0.0,3.0,0.0,0.0,0.0,11.0,20.0,39.0,20.0,29.0,0.0
WIF0691,Wade Ira Frazier,9,114.0,9.0,0.0,179.0,0.0,33.0,39.0,37.0,30.0,24.0,3.0
WIQ0567,Willow Iliana Quinn,13,15.0,18.0,21.0,33.0,95.0,25.0,41.0,10.0,47.0,39.0,2.0
WJD0576,Willow Jaime Daniel,7,0.0,1.0,0.0,0.0,0.0,40.0,20.0,23.0,38.0,26.0,3.0
WKD0013,Wesley Kasper Duffy,9,0.0,18.0,3.0,0.0,0.0,42.0,36.0,40.0,27.0,34.0,5.0
WKF0012,Walter Kaseem Foley,7,0.0,25.0,14.0,0.0,0.0,37.0,44.0,20.0,45.0,23.0,4.0
WLV0566,Whilemina Liberty Velez,7,0.0,11.0,4.0,0.0,0.0,10.0,19.0,38.0,24.0,39.0,1.0
WNB0908,Wing Noah Bonner,9,0.0,3.0,3.0,0.0,0.0,38.0,38.0,38.0,22.0,23.0,3.0
WPE0538,Whilemina Pandora England,7,0.0,3.0,4.0,0.0,0.0,21.0,16.0,23.0,22.0,35.0,3.0
WPR0368,William Price Robles,38,0.0,33.0,11.0,0.0,114.0,48.0,34.0,40.0,17.0,31.0,21.0
WRM0963,Wynter Rose Mercer,12,0.0,2.0,3.0,0.0,2.0,17.0,23.0,43.0,31.0,22.0,4.0
WSR0241,Wanda Samantha Rogers,11,0.0,10.0,9.0,0.0,0.0,35.0,27.0,15.0,25.0,29.0,2.0
WTF0387,William Trevor Fuentes,8,0.0,9.0,3.0,0.0,0.0,40.0,23.0,40.0,25.0,24.0,1.0
WTR0563,William Theodore Reeves,7,0.0,9.0,0.0,0.0,0.0,47.0,45.0,46.0,15.0,31.0,2.0
WVB0539,Winter Veda Burks,8,0.0,19.0,2.0,0.0,0.0,43.0,16.0,18.0,42.0,31.0,2.0
WXH0872,Wynne Xyla Hartman,9,28.0,18.0,10.0,12.0,6.0,17.0,20.0,19.0,21.0,25.0,4.0
XAA0104,Xander Aaron Acevedo,11,2.0,10.0,9.0,0.0,9.0,41.0,40.0,14.0,38.0,42.0,4.0
XBN0229,Xandra Briar Nielsen,7,0.0,9.0,4.0,0.0,1.0,34.0,16.0,17.0,40.0,29.0,5.0
XHG0902,Xenos Hayden Gallegos,7,0.0,3.0,2.0,0.0,0.0,44.0,35.0,23.0,47.0,14.0,3.0
XHW0498,Xerxes Howard Wilcox,7,34.0,16.0,11.0,8.0,0.0,37.0,47.0,48.0,23.0,35.0,0.0
XLB0710,Xanthus Louis Buck,8,0.0,1.0,0.0,0.0,1.0,46.0,38.0,39.0,36.0,20.0,4.0
XRS0633,Xenos Rudyard Small,10,0.0,3.0,3.0,0.0,0.0,34.0,39.0,39.0,40.0,23.0,3.0
XWD0923,Xander Walter Doyle,9,28.0,10.0,11.0,166.0,0.0,16.0,38.0,45.0,20.0,31.0,3.0
YCE0983,Yardley Cairo Elliott,7,0.0,8.0,13.0,0.0,4.0,39.0,21.0,42.0,30.0,36.0,4.0
YDN0198,Yasir Dexter Nelson,10,0.0,11.0,5.0,0.0,6.0,45.0,50.0,41.0,11.0,24.0,4.0
YEV0793,Yardley Ezra Vang,7,0.0,9.0,3.0,0.0,0.0,40.0,37.0,42.0,15.0,22.0,0.0
YIC0195,Yolanda Idona Crosby,19,0.0,37.0,29.0,0.0,228.0,18.0,49.0,19.0,40.0,31.0,5.0
YJF0532,Yoshio Joseph Farmer,14,0.0,3.0,0.0,0.0,0.0,40.0,35.0,23.0,47.0,26.0,0.0
YJV0699,Yvette Jeanette Vang,8,0.0,1.0,0.0,0.0,1.0,17.0,25.0,30.0,13.0,31.0,4.0
YWW0660,Yasir Wade Wilcox,7,0.0,3.0,0.0,0.0,0.0,39.0,35.0,37.0,10.0,36.0,3.0
ZCF0590,Zane Cadman Fields,7,0.0,1.0,0.0,0.0,0.0,42.0,42.0,42.0,25.0,31.0,3.0
ZDW0859,Zeph Dakota Wilkerson,9,0.0,16.0,8.0,0.0,3.0,39.0,45.0,26.0,41.0,32.0,4.0
ZFM0468,Zenia Freya Macias,7,0.0,1.0,0.0,0.0,0.0,35.0,16.0,20.0,45.0,30.0,4.0
ZJE0857,Zenaida Justine England,7,0.0,15.0,3.0,0.0,16.0,35.0,34.0,36.0,38.0,31.0,4.0
ZJS0269,Zorita Jaime Spears,7,0.0,14.0,0.0,0.0,10.0,30.0,34.0,16.0,35.0,27.0,4.0
ZKS0899,Zenia Kiona Stevenson,7,130.0,3.0,1.0,168.0,0.0,47.0,20.0,42.0,43.0,30.0,3.0
ZMC0284,Zachary Myles Cardenas,7,0.0,9.0,8.0,0.0,0.0,42.0,33.0,41.0,30.0,31.0,3.0
ZSB0649,Zia Shelley Blankenship,7,0.0,3.0,2.0,0.0,0.0,23.0,25.0,36.0,14.0,26.0,3.0
ZSK0258,Zachery Samson Kerr,8,0.0,12.0,3.0,0.0,7.0,38.0,35.0,21.0,37.0,25.0,4.0
ZSL0305,Zena Sigourney Langley,7,0.0,1.0,0.0,0.0,0.0,21.0,26.0,18.0,41.0,32.0,1.0
