user_id,degree,pagerank,betweeness,closeness
KPR0497,0.001437962202136401,0.00043544618732663075,0.0033913845170967846,0.20572250133171596
CSP0197,0.0006162695152013147,0.00021071842728167482,0.0005887878298176296,0.20514125442865525
KDS0349,0.0007189811010682005,0.00025229854476626164,0.0006248237511486434,0.16304620880638743
DBS0235,0.0005135579293344288,0.00018768571374740275,0.0002983258786827184,0.14252918388359062
HCV0478,0.0008216926869350862,0.00024801894623910554,0.0007520797970283622,0.17577698210853984
WIQ0567,0.004416598192276088,0.0013152573602572912,0.01764504687624021,0.21557228759987462
ILH0958,0.002208299096138044,0.0009559849267081939,0.006953882219911577,0.20359221522671667
JRH0455,0.00010271158586688578,5.065994241595583e-05,5.058805402906887e-05,0.13791603012198472
CCA0046,0.002824568611339359,0.001038678894162722,0.007867220520677952,0.18016973233307942
ZJE0857,0.001386606409202958,0.0003809518272169855,0.00187792004433892,0.18965244734095368
CRO0027,0.0005135579293344288,0.00019050518394256294,0.005267030148913129,0.16463272866104567
HIA0414,0.0005135579293344288,0.00019919648341021405,0.0003826401047573131,0.1510289465304087
LOF0311,0.0010271158586688577,0.0002951709101358739,0.0008397155040386303,0.1819400928532273
OMS0101,0.0008730484798685291,0.0002531380369622123,0.0004613692793577262,0.19194214914376076
GCC0945,0.00020542317173377156,9.592474327940269e-05,0.00015176416208720662,0.12059502129724817
EGD0409,0.000462202136400986,0.00015905536859350434,0.0003188991393189267,0.15898407427548233
QNP0216,0.0010271158586688577,0.00029211856642365105,0.0017395287390793404,0.1842780422263025
NNS0059,0.0005135579293344288,0.00017518964057692548,0.0003360046166110145,0.16323092937645867
PNH0761,0.004108463434675431,0.001825442975802185,0.023396064430913317,0.1654836430451592
KMB0922,0.0017460969597370582,0.0007163064570943408,0.0036118966452962148,0.20531025473845452
CJK0200,0.0008730484798685291,0.0002777877456401283,0.0005874944649101084,0.18976172898988194
EHD0584,0.00010271158586688578,7.469865096011903e-05,0.0,0.00010271158586688578
WDD0366,0.0009757600657354149,0.0002775567962896623,0.000792982249997043,0.1804023754182523
ILR0304,5.135579293344289e-05,5.135315565141478e-05,0.0,5.135579293344289e-05
CCH0685,0.0005135579293344288,0.00018228948486839885,0.00029805335264617485,0.1612555732250398
SEJ0677,0.0005135579293344288,0.00020187219273773758,0.0004218200533162435,0.16438619119756903
VMJ0147,0.0007189811010682005,0.00026471315053849066,0.0006189150854976642,0.16861251320577533
RIH0777,0.00020542317173377156,0.0001213896415775275,0.0,0.00020542317173377156
MCS0035,0.001437962202136401,0.0004558099633210901,0.0011570785080474075,0.18857808305007082
CAB0388,0.0005135579293344288,0.00018597094366347205,0.00529763514137238,0.16814516572800334
VAA0087,0.0008216926869350862,0.000248546480613051,0.0015265554521665234,0.18691525497270234
UIR0043,0.001848808545603944,0.0005433108593966334,0.0026977787062250056,0.20310341991697975
MVH0373,0.0011298274445357436,0.00036330369925285987,0.009137354524348102,0.17518255993352214
BBS0422,0.0011298274445357436,0.00037391334009092794,0.0034369505198080597,0.1991468455470188
KCF0045,0.001848808545603944,0.0005157031493414038,0.008212002258243908,0.20583271350471194
KKC0683,0.000462202136400986,0.00016710554175653532,0.00022596706702154902,0.16001035644337927
IKP0472,0.00231101068200493,0.0007791795587429382,0.007262083023267581,0.21392190643531042
BSS0369,0.009141331142152834,0.0030308337512737157,0.04525271390181657,0.2373700800829119
HAV0121,0.000462202136400986,0.00020003503166822424,0.0052571060081013365,0.1276183049628859
ACC0042,0.0015406737880032868,0.00047237100403719654,0.011650840149085791,0.19640244977988772
BKW0374,0.0011298274445357436,0.00034695715153010764,0.002475900801750825,0.18015213230452262
MAS0025,0.0007189811010682005,0.000259380333597895,0.005390248462235471,0.16139104771969368
AIB0948,0.0010271158586688577,0.00041388083830434075,0.001097913557800446,0.2109609310548242
SLB0049,0.0008730484798685291,0.00030550013909257903,0.0008396860204002268,0.17025002660452238
HDS0367,0.00462202136400986,0.0018433339170023275,0.0396319732680451,0.18005363565420238
BAM0611,0.000924404272801972,0.00030165801283243374,0.0006945480815099562,0.17115380490094456
JCC0225,0.0020028759244042726,0.0005961802701893537,0.011452365705820313,0.19818380132052738
FUM0015,0.0007703368940016434,0.0002672401132808335,0.00114365238384576,0.17495653722055685
MPM0220,0.012838948233360722,0.005422354631350881,0.018851219689685866,0.1873405758970518
MIM0712,0.00015406737880032867,4.88223663348429e-05,6.386588213798168e-05,0.18387016452688137
NKH0979,0.0008216926869350862,0.0002546801887860419,0.00681853074173954,0.21129932322645398
KBL0260,0.0006162695152013147,0.00018340873549827885,0.0009694331331181262,0.1946446181080317
LPC0492,0.0007189811010682005,0.0002250115805481355,0.0012451859650510794,0.17027517733739903
ADC0391,0.0006676253081347575,0.00021984445463299137,0.0005972777221799825,0.1645886498931867
EMW0772,0.00035949055053410026,0.00016000005978803592,0.0005058805402906887,0.15060958955876877
BIS0247,0.000462202136400986,0.0001951415480777156,0.00035518691968415626,0.15483031484818088
DFR0218,0.0015406737880032868,0.0004985474299083223,0.0073753551290716216,0.1764564564396934
ENL0100,0.0011298274445357436,0.0003066636694017131,0.0011636679291612715,0.20955620285076618
CYA0506,0.00020542317173377156,9.052187599646373e-05,0.00035411637820348206,0.16048657359812793
EWH0191,0.001335250616269515,0.00035778071511881386,0.0013319927059255868,0.20635783808570843
LBC0356,0.000924404272801972,0.0002838243335463879,0.001860695052628878,0.17696782136129274
DMK0257,0.002773212818405916,0.0010418807599872413,0.00227616522244845,0.1756463987035733
AAW0353,0.0002567789646672144,0.00014473513688623176,0.0,0.0002567789646672145
BRB0355,0.004570665571076417,0.0012818031555515328,0.018462670574217643,0.23237520799215852
JTM0223,0.0014893179950698438,0.0004217201455021667,0.012392636210117216,0.2236667390135189
ZKS0899,0.008833196384552176,0.004002220336615694,0.008603680108066702,0.15312310490689623
SXM0895,0.00020542317173377156,9.391500993444297e-05,0.0009611730265523085,0.1434984759361149
JRS0362,0.0015920295809367295,0.0004808125373336968,0.008527235342201423,0.1822457445859069
CSL0949,0.00015406737880032867,5.162799080960096e-05,9.165040605773822e-05,0.1860215821410512
DIB0081,0.003954396055875103,0.0016775881144685013,0.004131426377233621,0.18501011859714164
SAC0687,0.0005135579293344288,0.00017734646174311696,0.0003175979283256573,0.15344927012873433
TVS0006,0.0012838948233360723,0.00039525974189879464,0.0019009508479416234,0.18827005902589636
RCP0785,0.00020542317173377156,7.867978551743958e-05,0.00011420519049577949,0.14029770962032176
IIW0249,0.003800328677074774,0.0010597759679025485,0.006598391303703603,0.21418028722933252
DGW0752,0.0007703368940016434,0.0002518588740489581,0.0004529255524825262,0.1651487309090408
HCC0344,0.0005135579293344288,0.00016880300546150988,0.0002666623352352652,0.18224934660080122
SAT0194,0.0006162695152013147,0.0002109766574755027,0.0003320774960205212,0.16773835674093115
DGM0754,0.0011811832374691864,0.0003700053319012988,0.005946119880475137,0.17637882565710916
KSP0357,0.001437962202136401,0.0004090602556780867,0.0026567371039067653,0.18079854153193217
IRM0931,0.007087099424815119,0.002313559406624656,0.01618970116001063,0.2258802576015883
KQC0708,0.00010271158586688578,4.6117702817542e-05,5.058805402906887e-05,0.1563212005245321
BJM0111,0.007241166803615448,0.0032652035136429953,0.01191561988847935,0.14996538834626286
PGO0433,0.000462202136400986,0.00015895081254290683,0.00023313141731137635,0.1582202458144088
HOB0994,0.0005135579293344288,0.00020779460327260713,0.0005831989841441862,0.14675287571026346
RGG0064,0.0011811832374691864,0.0003364708560306018,0.0013165700931495618,0.19812418628408707
KJJ0293,0.0004108463434675431,0.0001657020147352777,0.00035484496757886826,0.20339013412903154
RSM0277,0.0006676253081347575,0.00021806549979872563,0.0006222936378087801,0.20492697911928345
NCK0295,0.00010271158586688578,4.9363735206507194e-05,5.058805402906887e-05,0.14465556739704347
KWE0082,0.0031327033689400163,0.0013369006371305,0.002899869142727309,0.16443602607047225
LOM0086,0.0023623664749383728,0.0009300078765440072,0.007241646733040556,0.19006682158820223
AJF0370,0.013301150369761709,0.005594675343664133,0.03572484851297586,0.18660508182701108
ARA0252,0.000462202136400986,0.00017775934133205056,0.0003335759123460057,0.15669575617820666
QCH0110,0.0002567789646672144,0.00010161652184368794,0.0001658942455291696,0.15658399884427074
SOB0360,0.0011298274445357436,0.0003499624431411099,0.007949899141869993,0.17350475234856833
HDJ0446,0.00010271158586688578,7.469865096011903e-05,0.0,0.00010271158586688578
JSH0330,0.00035949055053410026,0.00015054423602489807,0.00025334337739831415,0.15675169468922215
SGB0140,0.00015406737880032867,6.468825686922764e-05,0.00010117610805813774,0.20323771648848565
RHO0732,0.0021569433032046013,0.0007744575102317813,0.007100013777647243,0.21061881010817232
ELT0769,0.0002567789646672144,0.00011542673263284084,0.00040470443223255095,0.14433856124632483
EIS0041,0.00534100246507806,0.001963052241157191,0.019694501929605836,0.21284053264258054
DBG0261,0.0006676253081347575,0.0002077408451378929,0.0005426961371347576,0.1907864811963386
DIW0118,0.002927280197206245,0.0009984117893330484,0.00476866428009669,0.22321193923919677
CAB0614,0.002413722267871816,0.0008294250625032642,0.005677291147054823,0.17437753412836426
ESH0135,0.00010271158586688578,5.37726302380225e-05,5.058805402906887e-05,0.1319519016612528
DFH0188,0.00924404272801972,0.0041527257979183975,0.013975125892470972,0.21487904027826013
EHB0420,0.001437962202136401,0.00041501743258197485,0.011548267755435425,0.2183182038270415
BAL0044,0.004211175020542317,0.0015253792705194945,0.010461241997462586,0.20847597960549483
MBJ0312,0.0020542317173377154,0.0007153151942120156,0.0015270004140567467,0.1750096665485037
CWB0065,0.0010271158586688577,0.00029547347258580695,0.0025823555876746474,0.21989571144647688
JJM0203,0.001900164338537387,0.0006277428583570477,0.008190626017390455,0.22158134342454766
AJR0319,0.004981511914543961,0.0012788484013607222,0.022242785507344456,0.22494350956738032
JOL0024,0.0007703368940016434,0.00023026595668498593,0.0019379745062941582,0.19064842020697875
JRG0207,0.0010271158586688577,0.0002855780675518813,0.0017648515095195195,0.20203540311654863
ZSL0305,0.00010271158586688578,4.219069973521507e-05,0.00011375625566548135,0.15813341820980148
NGF0157,0.0038516844700082166,0.001098011902110078,0.011400715575456249,0.2139417597461941
KBG0549,0.0007189811010682005,0.00027795921876219617,0.0007513596219893798,0.18031065645813585
WDO0870,0.0006676253081347575,0.000195391931538087,0.00035358785770845687,0.17735926401825022
KQS0415,0.0008216926869350862,0.00024041826163164826,0.00384140719663584,0.20199999596790338
CQH0730,0.0009757600657354149,0.0003434053400530779,0.008715776771801648,0.17179794155292347
SJC0333,0.0006162695152013147,0.0001822185589919118,0.0007606833604423177,0.21544636773655856
CKB0482,0.0007189811010682005,0.00024722377403698693,0.00048523687613661785,0.16804404421050323
OKC0107,0.000462202136400986,0.0001466294053030512,0.005147280887407406,0.17436104748916675
HTH0007,0.00231101068200493,0.0006860566477116326,0.01239556699179097,0.20062436639232484
BDB0453,0.00010271158586688578,4.9363735206507194e-05,5.058805402906887e-05,0.14465556739704347
DHM0937,0.0012325390304026294,0.00034227050323057075,0.0009051715126217826,0.19264792938275418
GTD0219,0.00585456039441249,0.002286376202170086,0.021436536698793217,0.20387129674086243
HPR0585,0.00010271158586688578,7.469865096011903e-05,0.0,0.00010271158586688578
KRL0062,0.001335250616269515,0.00037749102390263826,0.0014886577003731692,0.18836236052459657
LHB0967,0.00015406737880032867,5.7074788538018894e-05,5.3743679609096975e-05,0.16110625076990398
GMF0738,0.0005135579293344288,0.00017138067773608828,0.00027655144913569374,0.16920967833342518
SVL0940,0.0011298274445357436,0.00030565223163867185,0.0004894433203875474,0.2064363757976345
HVB0037,0.00231101068200493,0.000613506532378293,0.0017120741899897644,0.19105528641604605
AAV0450,0.00010271158586688578,5.0877034115065625e-05,5.058805402906887e-05,0.1292823197630665
BHC0665,0.0006676253081347575,0.00023496601187562497,0.0021503527162580836,0.2049315335075916
XWD0923,0.008987263763352505,0.004055832355534334,0.013573924152340096,0.16361033749307283
TSR0676,0.0007703368940016434,0.00027299172409724016,0.0006385145929848717,0.16698502939924192
ESA0642,0.00020542317173377156,7.44733280746814e-05,0.0003251397345774154,0.1580060628004633
TJD0996,0.000462202136400986,0.00019828205680192963,0.00035874451801434386,0.1621373942298135
GZB0469,0.00010271158586688578,5.5327642359516755e-05,5.058805402906887e-05,0.10967519450899296
GQF0659,0.00020542317173377156,8.403356315176231e-05,0.00010196715408707321,0.15287685485631358
NBC0412,0.0005649137222678718,0.0002123648109509704,0.0004549191284322037,0.16629240161839548
SSR0278,0.0005135579293344288,0.00016846204722248937,0.0002843053524676231,0.16161167993025927
SBN0866,0.004878800328677074,0.0018980703505684798,0.00916669582973321,0.1806922550961825
RNP0211,0.004673377156943303,0.001719587420529274,0.0038668199319438195,0.1733286368469786
SSJ0784,0.0017974527526705012,0.00045762700570800053,0.005158781084296209,0.21800850699090557
ARD0509,5.135579293344289e-05,2.2481505855695304e-05,0.0,0.1561359152680157
ESJ0670,0.012633525061626951,0.004596631757681842,0.04588856418708659,0.23268012001011465
MOP0763,0.00020542317173377156,9.481213968260285e-05,0.00015176416208720662,0.14419861627987207
RSC0089,0.0020542317173377154,0.0007604396896619261,0.011928275686289373,0.2086033191023525
HGN0287,0.0005649137222678718,0.0002291504557542783,0.0004259804521962337,0.1610218511309748
HRW0550,0.0005135579293344288,0.0001722192047256216,0.00028420814692712497,0.16164851062681707
RKD0604,0.0008216926869350862,0.0002728652580766653,0.0005320629670631561,0.1604111930543693
LAP0338,0.0015406737880032868,0.00043060942664526305,0.0008248975938779068,0.19146786856052986
ORM0669,0.0005649137222678718,0.00017572444945848357,0.001418908754859377,0.20448616354775828
AAS0442,0.00020542317173377156,9.245732716866615e-05,0.00015176416208720662,0.13000228136305542
BTL0722,0.00015406737880032867,7.52056626490946e-05,0.00010117610805813774,0.14005691005795845
CMW0783,0.00020542317173377156,9.373883124893281e-05,0.00015176416208720662,0.13123078631676766
HCW0419,0.0005649137222678718,0.00019628278130268137,0.00044535597853117415,0.16252318729461349
KMW0545,0.0010271158586688577,0.0003588564006830589,0.0010760007220003553,0.17277976364223913
DAL0673,0.0011811832374691864,0.00047067960762569775,0.005834733188393037,0.16255470319240622
BXJ0010,0.0009757600657354149,0.00028743047625466757,0.0014454393770255674,0.17867205626865415
VSA0230,0.001335250616269515,0.0005930556982753914,0.0012147230323034542,0.12446929863248188
RGN0408,0.0005135579293344288,0.00018670698100155172,0.0003043510379769481,0.14837038409520484
IJR0825,0.00010271158586688578,7.469865096011903e-05,0.0,0.00010271158586688578
DCH0843,0.00010271158586688578,4.890973991555785e-05,5.058805402906887e-05,0.13943426076742307
CJV0286,0.00020542317173377156,0.0001213896415775275,0.0,0.00020542317173377156
CKP0721,0.00010271158586688578,7.469865096011903e-05,0.0,0.00010271158586688578
TLM0797,0.0007189811010682005,0.0002683914421784844,0.0006201932509223133,0.16456808787808352
TDS0984,0.006727608874281019,0.0025061469242156085,0.028847295029636788,0.2051823369998295
SES0477,0.0009757600657354149,0.00029809494293244555,0.0007729740720911424,0.16488000672217215
BTR0403,0.000924404272801972,0.0003242262046124601,0.0015648044770647837,0.18384450302435054
MBG0438,0.0005135579293344288,0.00019091995866599352,0.000511981727870083,0.15117751298790608
DDA0476,0.0007703368940016434,0.0002648922414524679,0.0005359721106887907,0.16521086862391424
JCR0770,0.00020542317173377156,9.764738891635798e-05,0.00015176416208720662,0.13835265333714694
NAF0326,0.005495069843878389,0.001606913735238033,0.010520198675311883,0.2101100980014546
FRL0511,0.00020542317173377156,8.294405903631208e-05,0.016762459440263243,0.14226749903093963
SJF0094,0.0012838948233360723,0.0003987764609743506,0.0013603284938953574,0.18600282031973775
TDJ0998,0.000462202136400986,0.00016013341016504694,0.0002697515662770968,0.16203767260226581
JGM0934,0.0011811832374691864,0.0003544218645718547,0.000776836511986937,0.19126532220036793
BWP0202,0.0016947411668036155,0.000577526679807394,0.0018883571883268604,0.21718181277608992
RHL0992,0.0012325390304026294,0.0004980703815027107,0.003379630674640273,0.2037676772761911
BAK0964,0.0002567789646672144,9.599046422116309e-05,0.00015252642338486926,0.15847040714828506
RJM0381,0.0005135579293344288,0.0001912352973045279,0.0003468095556233013,0.15072776010299443
KCB0815,0.000462202136400986,0.00016876595497426343,0.000309027088479859,0.16188689886569999
RRC0553,0.012119967132292521,0.004594684593574478,0.033282342643830246,0.22264065809377512
BTS0011,0.001900164338537387,0.0005288363118564272,0.003479585425847406,0.2151547994152911
TBT0461,0.00015406737880032867,7.440118644920752e-05,0.00010117610805813774,0.13349929878373626
HCL0113,0.0005135579293344288,0.00018506530773577977,0.011328932010242213,0.16190963918317933
BMG0917,0.008114215283483977,0.0036017471381175367,0.012583154683459606,0.16210319013318164
DJB0159,0.0017460969597370582,0.0005448195626307582,0.00444487608259747,0.19314830837424907
CIG0052,0.0006162695152013147,0.00020824495989222656,0.00044751044228553716,0.1688409791707332
HAH0760,0.0021055875102711586,0.0009595872259489414,0.002023522161162755,0.1304787261437352
OSH0655,0.00020542317173377156,7.224848786314413e-05,0.005951285311981721,0.15464854493364147
ASL0378,0.0005135579293344288,0.00021357666706199612,0.0004322525497090581,0.15483811453659943
WJD0576,0.00010271158586688578,7.469865096011903e-05,0.0,0.00010271158586688578
SMY0792,0.0016947411668036155,0.0006646487206534228,0.003509791525418766,0.20470860628802268
WPR0368,0.0049301561216105174,0.0013665500180761409,0.03131943927953908,0.22771548065592845
BAJ0654,0.005495069843878389,0.0024906820661191645,0.01020212471183337,0.13371418153784903
PSF0133,0.0006162695152013147,0.00028239330255007677,0.005419598377073597,0.15532585114150202
JER0404,0.0005135579293344288,0.00017354412063439527,0.00028559678275623336,0.14583839019320452
NBH0256,0.0007703368940016434,0.00024676937090040667,0.0005163295127930549,0.1745128422635169
KSP0966,0.00020542317173377156,8.269481517027788e-05,0.00012254389532828758,0.15789783668999782
JDB0169,0.008525061626951519,0.0035995974275717583,0.017742341883114812,0.17419635239665696
CJC0494,0.0008216926869350862,0.0002706063663848038,0.0005999190042146223,0.16452697925686877
DBB0384,0.009552177485620377,0.004264233259687958,0.028634464207891362,0.16156637287556772
GRC0145,0.0005649137222678718,0.00018837024231170137,0.00524762281121062,0.167354770382875
HGG0240,0.0005649137222678718,0.0002175157882832748,0.00042489726230111446,0.15699188422573807
ANT0430,0.0005135579293344288,0.00018436161991734992,0.0003594981514013941,0.1579032444742551
SMH0291,0.0010784716516023007,0.0003296048712494261,0.0028839322105047474,0.21411563353359042
ACV0812,0.0005649137222678718,0.0002047359377121693,0.000660218244758112,0.20359671047881647
ASB0796,0.0005135579293344288,0.00018543571113023973,0.0003017285516945626,0.14877254646123925
FQA0854,0.000924404272801972,0.00027398284029214677,0.0011705634658137065,0.18975391898138347
COF0120,0.000462202136400986,0.00020027747376876606,0.0003541264093371506,0.1206029077061222
XRS0633,0.00020542317173377156,0.0001213896415775275,0.0,0.00020542317173377156
VLB0647,0.00020542317173377156,8.730450415758527e-05,0.0002444034127857811,0.1197850962391395
DDM0579,0.00010271158586688578,7.469865096011903e-05,0.0,0.00010271158586688578
TSB0437,0.00020542317173377156,7.099503987394394e-05,9.759121398709933e-05,0.17159014144311505
CNM0800,0.000462202136400986,0.00017360506090832023,0.00029727866212870814,0.14875094678842124
YJV0699,0.00015406737880032867,6.860045302199676e-05,0.00010117610805813774,0.15579297682687795
GHL0460,0.00010271158586688578,5.1491357533057026e-05,5.058805402906887e-05,0.15955352019623373
MTT0901,0.0026191454396055874,0.001188037532873286,0.00758384263776899,0.14549551988419743
NNA0610,0.001386606409202958,0.00042816163055788004,0.0064448987163734355,0.17478740256354008
KJW0416,0.0005649137222678718,0.00020954414113344403,0.0008678277874408395,0.16652664799206895
LBH0942,0.01335250616269515,0.004900514331207657,0.03227998450537534,0.2232767973640892
TTD1000,0.0007703368940016434,0.0002752212727203916,0.0020532069936820196,0.16707277055236472
TSM0363,0.0014893179950698438,0.0004528255561196181,0.0058105116418328785,0.1830053053087799
WRM0963,0.0002567789646672144,0.00011139151740944205,0.005067279543937138,0.1571069014940723
TCD0009,0.0007703368940016434,0.0002610759129182336,0.0004914700340679216,0.17122054454021185
YJF0532,0.0002567789646672144,0.00010815631547413051,0.00040470443223255095,0.17858554651419792
CJM0521,0.0020028759244042726,0.0005041987232576989,0.0012231154438186438,0.2026971371781726
JLW0053,0.000924404272801972,0.000285918614386381,0.0008230516726374357,0.17305863681210223
DRR0162,0.0015406737880032868,0.0005144673332342757,0.005957404157195708,0.18387016452688137
TEM0093,0.0007189811010682005,0.00023519647901898975,0.0005191414381152427,0.18660885822580547
BJW0619,0.0012838948233360723,0.0003871363166971831,0.005731643171465994,0.171740346534197
BTN0061,0.0005649137222678718,0.00018083334898320058,0.0009512564340974768,0.18248378337718485
KLM0639,0.00020542317173377156,9.881604090968048e-05,0.00015175254837177,0.14516796914240254
WLV0566,0.0005135579293344288,0.00020127837346748683,0.00040448239528025304,0.1545137918971277
HRB0351,0.0022596548890714873,0.000840169592368919,0.012407228489680861,0.17331234793938177
ECR0822,0.00010271158586688578,7.469865096011903e-05,0.0,0.00010271158586688578
PEV0323,0.0010271158586688577,0.0003002050219060942,0.0005737718194272359,0.18879816578333225
SBD0913,0.00020542317173377156,0.0001213896415775275,0.0,0.00020542317173377156
PTH0830,0.0006162695152013147,0.0001870074821591195,0.0004116160346158197,0.19823919027272868
SED0886,0.0002567789646672144,9.404026870913067e-05,0.00040441531326234254,0.20457235944804353
CMB0912,0.0030813475760065735,0.0008602580919446857,0.008211689302035296,0.22575306498735082
ATE0869,0.007035743631881676,0.0019189758177418303,0.02309933332133467,0.2297523780274038
CGA0629,0.0007703368940016434,0.0002491316181614031,0.0004380899898939359,0.16633739780358864
BHW0458,0.00010271158586688578,3.893669008243614e-05,2.2004285101582216e-05,0.15166237906464425
FSC0601,0.0015406737880032868,0.0005049919848742652,0.0030136446713284653,0.1911543023920901
JPA0667,0.0006162695152013147,0.0002302644975531896,0.00047970888135600697,0.16297128544181896
SAA0999,0.009141331142152834,0.004134572319219793,0.018549873650534846,0.15010942503790323
KRM0541,0.000462202136400986,0.0001631189716837175,0.0002779581712322283,0.1600048033722458
FEB0306,0.0011298274445357436,0.0005416085571342039,0.0,0.0011298274445357436
CQW0652,0.0006676253081347575,0.00031170649794875143,0.0006070566483488265,0.12771729074621824
XLB0710,0.00015406737880032867,5.838620340998733e-05,5.92036588422114e-05,0.15614120303681855
KJP0371,0.0012325390304026294,0.0003692331147986961,0.00451214752138266,0.1837053226138489
IBP0883,0.00020542317173377156,8.143044418312259e-05,0.00010165060261576671,0.15060712964272793
OMM0944,0.00020542317173377156,9.842248074624178e-05,0.00015176416208720662,0.13151340758246635
GAF0060,0.0005135579293344288,0.00018680467214056483,0.00031681039899354176,0.1503443821129228
DTP0379,0.000924404272801972,0.00031243467750297586,0.002480258949733753,0.18144603579218288
FPC0954,0.00015406737880032867,6.596501350334942e-05,0.00010117610805813774,0.15959494294389404
CLD0894,0.00020542317173377156,9.669611383219183e-05,0.00015176416208720662,0.13721415170704282
MSO0222,0.0011811832374691864,0.0003552079282459514,0.0020336010194727623,0.1948091059385179
SNS0129,0.0010271158586688577,0.00029520746121821387,0.00068684857883619,0.20414210509172867
FAW0032,0.0008730484798685291,0.000287766631229241,0.0020800301759130984,0.19405067112684193
ZSK0258,0.0008216926869350862,0.0002632659252549842,0.0006477058738178945,0.19044760295225566
MSS0001,0.0015920295809367295,0.0005360357989891925,0.00177744793924594,0.17541917828120798
SER0165,0.0007189811010682005,0.00023228119990358106,0.0008764764789405754,0.19902219474743615
HWH0646,0.00020542317173377156,0.0001213896415775275,0.0,0.00020542317173377156
RDM0115,0.0012325390304026294,0.0003190922052630712,0.0031447238944194945,0.19954764314569165
ALD0529,0.00020542317173377156,9.274858393212198e-05,0.00015176416208720662,0.14954463255959388
TDG0962,0.0002567789646672144,9.793772870832854e-05,0.0001640359559907823,0.20354727362098027
USH0199,0.0012838948233360723,0.0004373591868599515,0.0058280501735399615,0.18587908715296755
LCB0664,0.0015406737880032868,0.0005420007272003386,0.0031850694761821575,0.20720642710786916
KRL0501,0.0017974527526705012,0.0006470114232059418,0.001405810530947737,0.1657841410260756
DCC0160,0.0014893179950698438,0.0004085263661166898,0.006881701135003387,0.21600151831107975
LFS0071,0.0008216926869350862,0.0002663819034270389,0.0009490511662459679,0.18072058592493337
IIA0092,0.0006676253081347575,0.0002497941857413141,0.0005889174097152966,0.16663799578825234
GDF0704,0.00010271158586688578,5.0877034115065625e-05,5.058805402906887e-05,0.1292823197630665
SBH0537,0.0022596548890714873,0.0009186956325159747,0.010308306188353357,0.1670273756883852
MIL0255,0.0005649137222678718,0.00020489031165274926,0.0003278541918478185,0.1628762895058747
PGH0184,0.0005649137222678718,0.00018403731997313074,0.00033896486842085376,0.16915070241207844
KNB0022,0.001437962202136401,0.000419795892958493,0.0016494669379864748,0.20449069836316103
NRF0137,0.00010271158586688578,7.469865096011903e-05,0.0,0.00010271158586688578
JCR0172,0.0023623664749383728,0.0007746770310615828,0.002614783055619247,0.1920460864101644
LLV0602,0.0010271158586688577,0.0003117185552404118,0.005622031134136162,0.16991747944793548
GJD0298,0.00010271158586688578,7.469865096011903e-05,0.0,0.00010271158586688578
MBR0724,0.00010271158586688578,7.469865096011903e-05,0.0,0.00010271158586688578
CBB0365,0.0011298274445357436,0.0003400025374930485,0.00805472488632299,0.18999241381604123
WAS0254,0.0010784716516023007,0.00034281320163686836,0.0010615059463930335,0.19471037989633824
SDO0170,0.0010784716516023007,0.0003019574852617037,0.0012765243664183896,0.19443529854697125
IMB0481,0.0009757600657354149,0.00029333805973104994,0.0005464491486449748,0.16415207911098362
NMG0766,0.00020542317173377156,0.00010554599505773072,0.00015176416208720662,0.10870548144061441
TYB0779,0.00020542317173377156,0.00010523431942238385,0.00015176416208720662,0.11502306843807374
GKO0078,0.0021055875102711586,0.000643019525799365,0.009704871692969616,0.22065871749263166
OBH0499,0.005084223500410846,0.0014129119503473323,0.01830599624727837,0.220558436068668
LIM0674,0.0010271158586688577,0.0003339580978431748,0.002135957464616076,0.20449976859739497
CNB0900,0.00020542317173377156,7.962284700381946e-05,0.00010569535022374815,0.1543663513704951
RKF0164,0.000924404272801972,0.00029934973467170696,0.000665885838104019,0.1969898592367113
EDB0714,0.0008216926869350862,0.00038027600801758706,0.0007588208104360331,0.12619142642399347
AKK0329,0.00030813475760065734,0.00010807039822531161,0.0001602739404182505,0.173387302275055
AJL0462,0.00010271158586688578,7.469865096011903e-05,0.0,0.00010271158586688578
AJD0074,0.0017974527526705012,0.0005146181432375361,0.0035501394212845007,0.20974687099097727
CBG0490,0.0007703368940016434,0.00024668655169251353,0.0005140918822422812,0.16926248113332729
ABN0239,0.000462202136400986,0.00015741344548984685,0.0008402737333886969,0.15913223314909422
JCV0245,0.0005649137222678718,0.00021477046449315892,0.0003659935589611369,0.16652063343128765
EAH0466,0.0053923582580115035,0.00247928466775665,2.6706383852909454e-05,0.0053923582580115035
IIL0513,0.0015920295809367295,0.0005020117432507836,0.0010720286434253666,0.1971330464867471
MIC0726,0.0008216926869350862,0.00028033675757321435,0.0005416720967936335,0.16862176331393425
BCR0581,0.00015406737880032867,5.721031127424806e-05,0.0001075874586603752,0.1789702909591118
KRV0372,0.001437962202136401,0.0004084111566239062,0.002379291751625015,0.18514013143007976
HJA0018,0.0006162695152013147,0.00022050710780292232,0.00037323684789470864,0.15185719746615017
BVN0514,0.00020542317173377156,0.00010503020574720442,0.00015176416208720662,0.1206960452880729
QNF0205,0.000462202136400986,0.00016637776292247514,0.0051263312738952845,0.1560170350821173
TIW0299,0.00010271158586688578,3.8018043746093236e-05,7.738262070245343e-06,0.15318670004636367
SBN0971,0.0012838948233360723,0.00043662583670445014,0.002166330750268394,0.19490381238711996
DLH0029,0.0006162695152013147,0.00021765888747260083,0.0004833248616954684,0.1863260518290277
OLW0689,0.0017974527526705012,0.0007206561936883124,0.0016808967865398325,0.16519311022027855
CAS0507,0.008422350041084634,0.003782342458647005,0.018143043214536365,0.18078081844354815
DIC0988,0.0006162695152013147,0.00020311419409375353,0.0007313924215432512,0.19081806607428764
NOB0181,0.004365242399342646,0.0014667472632195913,0.005988764981824002,0.2245491072810052
CAH0936,0.0010784716516023007,0.00026557775447517073,0.0018339901268074347,0.21664603385470396
CMS0454,0.00010271158586688578,7.469865096011903e-05,0.0,0.00010271158586688578
MNS0224,0.001335250616269515,0.0004203419406738812,0.017934157228256604,0.19723846410072274
SCP0130,0.001437962202136401,0.0006454429025205853,0.0013658774587848594,0.203349766039427
VCY0751,0.000924404272801972,0.0003005443422613945,0.0022516364620819795,0.16756765704936238
SIJ0661,0.0007189811010682005,0.00026177086232292464,0.0005091045494527903,0.16922520514853023
CCW0031,0.001335250616269515,0.0003762703780157151,0.0009610134221587245,0.19702774149722416
KAC0124,0.0005135579293344288,0.0001862168592778348,0.00032959611209742594,0.1565893170071381
JML0909,0.00020542317173377156,9.253279062230726e-05,0.00014860281955839731,0.15973317424002145
MOH0273,0.012479457682826623,0.004879472107179794,0.014151065375936784,0.21089820609390675
SDF0017,0.0005135579293344288,0.00017438548341576759,0.0002987953312963942,0.16163717631694358
IBB0696,0.0008216926869350862,0.0004015355852819785,3.851882286477325e-06,0.0008216926869350862
LHB0606,0.0009757600657354149,0.0003130480362925398,0.0011837278033625226,0.1727538676372718
MFV0897,0.00020542317173377156,9.666142189246915e-05,0.00015176416208720662,0.14609024003962132
ESH0283,0.0017974527526705012,0.0007367956006019953,0.002030203615333851,0.17075761920613397
DMM0623,0.000924404272801972,0.00029609012303184306,0.0005399552270169621,0.15679700750641215
NWT0098,0.0014893179950698438,0.0004974930342657555,0.002155289201788162,0.19303913363564848
QRM0739,0.009089975349219391,0.003866241985732297,0.013474658840102956,0.17507279955079957
CCR0863,0.0011811832374691864,0.00033046888275502413,0.0007659898750572093,0.19276875092121457
RAH0440,0.0005135579293344288,0.0001885690729374456,0.0005232885533402461,0.1552395568228295
SGS0268,0.000924404272801972,0.00027311001582989384,0.000770383805136194,0.20535597830723987
HWW0436,0.0017460969597370582,0.0006599366894605665,0.0041295057156880465,0.21046497725399918
ZDW0859,0.0009757600657354149,0.00027970329659487026,0.0010219390153339133,0.19934919773736828
CCH0182,0.0002567789646672144,9.568050765168805e-05,0.00022119938440326304,0.1872682869635321
PMJ0564,0.00020542317173377156,7.320282249626665e-05,0.000194103637913883,0.20488144636754332
WIF0691,0.009654889071487264,0.00432400948646874,0.0141295464214418,0.16175910350833422
PMC0328,0.0012325390304026294,0.0004632019198776303,0.0011898989095380746,0.19556104929728296
QOS0878,0.0034921939194741164,0.0008806306297621385,0.017009055850794208,0.2307296930010594
CTR0697,0.00020542317173377156,8.349802260569627e-05,0.0001298163202908417,0.14675988279483432
MNR0829,5.135579293344289e-05,2.5854275797673843e-05,0.0,0.13664481103622236
TVS0050,0.0021569433032046013,0.0006443568874886649,0.012669636984035866,0.22616835250832926
HSB0196,0.01684470008216927,0.006636049391173379,0.030713083010012257,0.21302738367214974
JJB0700,0.00015406737880032867,6.968918394468083e-05,0.00010117610805813774,0.15649364531275556
ERH0449,0.00010271158586688578,7.469865096011903e-05,0.0,0.00010271158586688578
SOF0808,0.0005135579293344288,0.0001938870498962004,0.0003191706238420712,0.15169980531123622
PDW0259,0.000924404272801972,0.0003110960241545461,0.0007371681480628488,0.1855200703359087
NAH0503,0.003184059161873459,0.0007955133728389192,0.009410137320861893,0.22887984650178936
TOR0193,0.0005649137222678718,0.00019233343461804442,0.000375438417314575,0.16964863009632936
HDH0928,0.0017974527526705012,0.0007797123865289133,0.0017968350490640867,0.15872682513432376
AOB0019,0.0008730484798685291,0.00031393962473379026,0.000613479893814223,0.15756866082724583
JKM0303,0.00010271158586688578,7.469865096011903e-05,0.0,0.00010271158586688578
BIH0745,0.0008216926869350862,0.0002993082822755437,0.001260276366298416,0.17465497657832274
JKJ0698,0.0010271158586688577,0.0002648821054538892,0.005308812127237707,0.2101388274049028
MAE0331,0.00020542317173377156,0.00010189613046538889,0.00015176416208720662,0.148215368303356
CTR0341,0.0019515201314708299,0.000508090454535426,0.006807359274366924,0.21790032057519557
SKG0759,0.00020542317173377156,9.255012079252111e-05,0.00035411637820348206,0.13995912202510244
SBN0495,0.001335250616269515,0.00040448985531644696,0.0011731495639398283,0.17579708909853367
CGB0637,0.0021055875102711586,0.0009572647118829403,0.021446253402496018,0.14354762192742193
CJH0702,0.00010271158586688578,7.469865096011903e-05,0.0,0.00010271158586688578
AIH0675,0.0005135579293344288,0.00016903714742706573,0.000325319065593962,0.1648829549828937
BBG0325,0.0012325390304026294,0.00041803051395277233,0.0012728201954957657,0.19748769724555512
AMW0392,0.002927280197206245,0.0008333175208604227,0.011866812237082485,0.21338725637120828
JFC0757,0.00015406737880032867,7.440505068808211e-05,0.00010117610805813774,0.13078964314656696
AHD0848,0.0005649137222678718,0.00028480810873845737,0.0,0.0005649137222678718
SGG0787,0.0011811832374691864,0.0003781854637173271,0.002764748745463898,0.18339475961258245
BNR0965,0.00020542317173377156,6.956079901736198e-05,5.2423964219952975e-05,0.1583506661504656
SOG0411,0.0005135579293344288,0.00016703713597479724,0.0004501715832675722,0.16733351146329925
CWR0502,0.0016947411668036155,0.0005757512358133687,0.0037656339538962467,0.2070482382804917
EMS0317,0.0007703368940016434,0.00026261047332116843,0.0004751180924237541,0.16993626818169122
IWM0816,0.000462202136400986,0.0001546494553937524,0.00025591176801315134,0.16943976655747078
GBM0603,0.0007703368940016434,0.00025165747694994977,0.0005753407469630603,0.16909486839608004
MSH0040,0.001386606409202958,0.0003992891636118933,0.013799942498452893,0.18892968797067683
IMG0320,0.0009757600657354149,0.00031763363683767656,0.0005929800399983822,0.17079240993046496
RMW0542,0.0015406737880032868,0.0006492435636268327,0.011062431674232267,0.1618499594706365
WPE0538,0.00020542317173377156,9.029015022666586e-05,0.006018437676544605,0.14093026564379735
RLG0856,0.001335250616269515,0.00037770057738180124,0.0009582203484521698,0.19526701923745754
FRB0023,0.000924404272801972,0.00032414437243928916,0.0006593481755974527,0.18731013165017904
SGM0021,0.004313886606409203,0.0017426366872579013,0.003963402923766687,0.17994119985443977
TNM0961,0.0005649137222678718,0.00026170912674634784,0.0005058805402906887,0.15515074775486204
FBA0348,0.0009757600657354149,0.0003032508897989129,0.0015410979759845928,0.17827480383077013
TQS0212,0.0008216926869350862,0.00028301359037211755,0.0005603113639745864,0.16241154751505205
AVM0947,0.008268282662284306,0.003701958594332066,0.012826152987654167,0.16433638652196716
JJH0292,0.00015406737880032867,9.804414626882326e-05,0.0,0.00015406737880032867
AAE0190,0.0008730484798685291,0.00028155591668716987,0.0004968381387992646,0.1709855978924101
CJP0952,0.00015406737880032867,6.119702759067999e-05,0.00010117610805813774,0.1823827213216539
AMJ0297,0.00010271158586688578,7.469865096011903e-05,0.0,0.00010271158586688578
LHL0309,0.0010271158586688577,0.00029164578622156446,0.0012786796028557794,0.18862051519214587
JAD0609,0.0008216926869350862,0.0002519926652695519,0.004813722407636674,0.2070389405768361
DJS0682,0.000462202136400986,0.0001568460390760997,0.0051426663781589865,0.1653916293608509
ASV0946,0.00015406737880032867,7.406661035796417e-05,0.00010117610805813774,0.14083985880789104
SLT0907,5.135579293344289e-05,2.789738813382286e-05,0.0,0.14752296703395443
ELB0847,0.00010271158586688578,5.012273687102569e-05,5.058805402906887e-05,0.14083555661360456
OJK0233,0.0007189811010682005,0.0002605348257715703,0.000936313321964493,0.15491615466320868
MLM0950,0.004467953985209531,0.0017846666396465272,0.021212326544356147,0.22145894484397088
HRL0540,0.002208299096138044,0.0009450442746658757,0.007359991482394564,0.20449523337970213
IUB0565,0.0008216926869350862,0.00035507812225838933,0.0009604230512448182,0.15347481031500276
KAT0270,0.0008730484798685291,0.0002652853026325413,0.0005670502186115295,0.1998330602563923
MOS0047,0.0045193097781429745,0.0016783653233268586,0.013931557491949853,0.21169710878587703
SCB0534,0.00020542317173377156,0.0001213896415775275,0.0,0.00020542317173377156
NKH0807,0.0005135579293344288,0.0001726071760968166,0.00030925530799003965,0.17309112236033297
LEM0605,0.0008730484798685291,0.000269704101085966,0.000777780026188678,0.17225687815247082
TSG0906,0.00020542317173377156,9.2151463275806e-05,0.00015176416208720662,0.15464854493364147
MHA0798,0.0005135579293344288,0.00020273344613007128,0.000367788958026198,0.14874134894691923
ETR0428,0.0005135579293344288,0.0001825628501787173,0.0009899833458198361,0.20362368616062534
CJM0138,0.00010271158586688578,7.469865096011903e-05,0.0,0.00010271158586688578
ABH0663,0.000462202136400986,0.0001739080483269679,0.00031388873298775433,0.18355904440057805
CSB0080,0.0006162695152013147,0.00020416817228009578,0.00038576328003864056,0.1690607657503935
KNG0672,0.0006162695152013147,0.00020137830018792367,0.00038922610367397495,0.1662774082992821
JCR0289,5.135579293344289e-05,5.135315565141478e-05,0.0,5.135579293344289e-05
AHC0142,0.0016947411668036155,0.0004577054617645085,0.001540612622095846,0.2137681681200134
EFS0882,0.00020542317173377156,8.143044418312259e-05,0.00010165060261576671,0.15060712964272793
FKB0163,0.000924404272801972,0.00029000906529048676,0.00463542281148575,0.1924388637722045
KKW0879,0.002773212818405916,0.0010393383084384383,0.0023802749512350355,0.17891820161903155
VMJ0546,0.003748972884141331,0.0015941804406399056,0.0034361689475391546,0.1603470358297034
AJH0175,0.000924404272801972,0.0002579034405193452,0.0006302102435590194,0.17932181705980646
DRR0242,0.0025164338537387015,0.0006543534775290262,0.01157667195791645,0.21304214904270405
CSC0217,0.001335250616269515,0.0003987448812575081,0.0014647860276239264,0.1908891703002937
HKF0831,0.00010271158586688578,7.469865096011903e-05,0.0,0.00010271158586688578
MGS0974,0.0007703368940016434,0.0002572861918626441,0.0006461814962251812,0.16783911058420334
AOK0844,0.001848808545603944,0.0005955326578432631,0.002447003411713607,0.19663699267362936
CQH0701,0.0005135579293344288,0.0002397076517528337,0.00045529248626161983,0.15142080112881426
PES0085,0.0011298274445357436,0.00035398449930551165,0.0008584300498248566,0.18674112854665165
ZMC0284,0.0005135579293344288,0.00019295789757269692,0.00042745904002409454,0.15352336009891096
SJO0209,0.0015406737880032868,0.0004960630340360439,0.0023011700238860693,0.202336865783989
JDF0593,0.0005649137222678718,0.00026377175693615876,0.0005058805402906887,0.12884875624004694
RZC0746,0.00462202136400986,0.001117235325298101,0.03655003300164582,0.2280195555321119
WTR0563,0.0005135579293344288,0.0002163673648959008,0.0004279717759043097,0.1623800870971241
SAC0592,0.00015406737880032867,9.804414626882326e-05,0.0,0.00015406737880032867
HMM0108,0.003286770747740345,0.001385822622091315,0.016405060842080238,0.2046495437150494
HJB0742,0.0008216926869350862,0.00025892233977383106,0.0004648760923078531,0.16897711754626374
SVS0871,0.0009757600657354149,0.0003320435495117743,0.003350512092919798,0.21151258308634693
NAB0903,0.00010271158586688578,5.041417333733721e-05,5.058805402906887e-05,0.13349543335636443
RCC0617,0.0008730484798685291,0.0002677025641356356,0.0009260461185112214,0.1776086447910789
SVL0803,0.0005135579293344288,0.0001807101536235369,0.00047935715620139207,0.14754657240826682
BTL0226,0.0006676253081347575,0.00020776995944029708,0.000489120163791607,0.1662054779862983
ORB0473,0.00015406737880032867,9.804414626882326e-05,0.0,0.00015406737880032867
NMB0972,0.00015406737880032867,9.804414626882326e-05,0.0,0.00015406737880032867
ATP0662,0.0022596548890714873,0.000895452068489385,0.009615701582685784,0.2063670747147281
NDM0417,0.0023623664749383728,0.000980813569599337,0.002811388450508002,0.2047222409542497
IJM0444,0.0020028759244042726,0.0008863642278834216,0.0019359801944447703,0.20373166040898438
BCB0679,0.0005649137222678718,0.00017857155268340784,0.001407304444680031,0.1892748358585896
EZT0640,0.0002567789646672144,9.174616787086887e-05,0.00027699887497214637,0.20361469347246616
AHG0634,0.0002567789646672144,8.504675473937129e-05,0.00031413371844151973,0.20385777518246478
HWY0038,0.0016433853738701725,0.00048646314543418224,0.007634697226209194,0.20123294922670823
HPM0986,0.0006676253081347575,0.00022611662381735604,0.00041121228298315405,0.16605283251439906
DEB0782,0.00020542317173377156,8.114912953190093e-05,0.00012195469919951075,0.15097948924577095
EMW0105,0.0005649137222678718,0.00019555209824200832,0.0003899523402836149,0.16673140189208543
IBB0359,0.0035949055053410024,0.0013960912308326186,0.003828009221794384,0.18103281239883456
OYM0026,0.0005135579293344288,0.00021855821508070256,0.00042532524042461375,0.1489672261640375
WGR0833,0.00010271158586688578,7.469865096011903e-05,0.0,0.00010271158586688578
RGH0728,0.0008730484798685291,0.0002831797969754267,0.000691221589209559,0.17768736216633435
HFB0347,0.0040571076417419884,0.0017370774527974216,0.008667561493666577,0.19145594219446327
XBN0229,0.0005649137222678718,0.00020822448383405828,0.00036681780888944064,0.1518521958704758
JAV0361,0.0011298274445357436,0.0003499689055499454,0.0026668723856607115,0.18019437815117179
RAW0915,0.003184059161873459,0.0009077826516904031,0.034383730934606824,0.2119111727611164
FHS0837,0.00010271158586688578,7.469865096011903e-05,0.0,0.00010271158586688578
JMK0099,0.0011811832374691864,0.00034090992397904716,0.0021567819168483242,0.22000588883843336
SCF0608,0.0008216926869350862,0.0002769447023098009,0.0004835317611583849,0.16220584574415478
TEM0977,0.0006162695152013147,0.0002107172739450119,0.00041229678889737113,0.16535603862566398
ASM0575,0.00010271158586688578,7.469865096011903e-05,0.0,0.00010271158586688578
RTO0313,0.0015406737880032868,0.0004525495717759121,0.008885101886426841,0.21097541134478484
KVT0028,0.000462202136400986,0.0001696721048247056,0.0006696356041608532,0.1619949723029231
MHG0733,0.0007703368940016434,0.0002407382811993405,0.0008193461637828978,0.17155183330277557
AIP0394,0.000462202136400986,0.00019749656218262084,0.0003545337318221767,0.1294638335957548
LJB0826,0.00010271158586688578,7.469865096011903e-05,0.0,0.00010271158586688578
HXL0968,0.0012325390304026294,0.0005702028765175024,0.0108836217965179,0.12156323460276505
OLF0504,0.0008216926869350862,0.0002811619380507373,0.0005779270748070185,0.1680195482173238
IYB0918,0.000462202136400986,0.00016651484482920636,0.00027557267774387705,0.16442136561862358
IBS0836,0.001335250616269515,0.0006175792964342276,0.0012647013507267218,0.14764106949653494
MJM0510,0.00035949055053410026,0.00012649814674329415,0.0004955511328344436,0.18239354404448258
JDC0030,0.006676253081347575,0.0019304134812141585,0.04213888654805039,0.23463394740240556
WBC0192,0.0011811832374691864,0.00036795905672982397,0.0015926693396713437,0.18537834234875986
ELH0960,0.00010271158586688578,4.331783141624255e-05,5.90926639200367e-06,0.14905632355531764
GZC0735,0.0012838948233360723,0.0004217943060286442,0.0028806604880717594,0.2065566079979579
HTF0641,0.00020542317173377156,8.740136614698823e-05,0.00011199460111196572,0.14747342032483568
SAK0375,0.001437962202136401,0.0004384050409125478,0.0035097281869226112,0.18395086162168148
SBK0161,0.000924404272801972,0.00034664302793672205,0.0009374966474346312,0.18380785615781123
ANP0555,0.0005135579293344288,0.00019338980366593464,0.00043957549255645606,0.1662024822404419
MAD0753,0.0008216926869350862,0.0002667666645873922,0.000500944458519155,0.1706880802617583
WNB0908,0.00020542317173377156,9.450041727866267e-05,0.00015176416208720662,0.14426855482536846
AKF0709,0.00015406737880032867,5.67911993912995e-05,5.9046408086969114e-05,0.15987718903071213
BLB0114,0.0005649137222678718,0.00021562414590951855,0.010622758255118412,0.2046268364147759
LAF0991,0.0005135579293344288,0.00020282687561369396,0.0003635106398347634,0.155598437703076
LJT0817,0.0023623664749383728,0.0009672306890479576,0.007064998772676256,0.17403196814050975
EBC0390,0.0005135579293344288,0.00018373574647658633,0.0003284856723400965,0.15694913008077815
OKB0439,0.0007189811010682005,0.00026267975498323265,0.000608898191542687,0.165219749257592
SSH0799,0.0005649137222678718,0.00021694824912988478,0.0007200791550443342,0.179870998760172
ECL0930,0.0008216926869350862,0.00022214164932617188,0.0014484360316023366,0.20639016990522832
FWM0707,0.00010271158586688578,5.2940899060280574e-05,5.058805402906887e-05,0.14808207575042096
VFM0814,0.0007189811010682005,0.00024354738824989,0.0014084274809484643,0.20699711124197945
WBC0315,0.0017974527526705012,0.0005228039779968196,0.007078945173754182,0.19045940402030048
CJG0470,0.00015406737880032867,5.4271477627745916e-05,5.5158421606913514e-05,0.15450602484799622
NIH0969,0.00015406737880032867,9.804414626882326e-05,0.0,0.00015406737880032867
RHC0335,0.00030813475760065734,0.00010971655588063355,0.00015679495648647567,0.1628820436826588
DAG0558,0.000462202136400986,0.0001847254650975993,0.0007815682255486769,0.1566292147463686
JRF0835,0.00010271158586688578,5.1491357533057026e-05,5.058805402906887e-05,0.15955352019623373
PID0426,0.0005135579293344288,0.00017234536098514498,0.0003888842967232122,0.16919725893264656
KRG0158,0.0010271158586688577,0.0002890188065925863,0.0006978710275209347,0.18755014829384098
EGK0893,0.00020542317173377156,9.030364491181248e-05,0.00011406993673440269,0.14134936983606838
RVC0232,0.0005135579293344288,0.00017637918559998403,0.0006895817813434905,0.15931369165146275
KJM0887,0.00020542317173377156,0.00010548422100878165,0.00015176416208720662,0.11201609378135946
ABC0174,0.005751848808545604,0.0015666176885461597,0.018213728732918048,0.2268694858084326
NWK0215,0.0045193097781429745,0.0011338115114333993,0.009368189710197634,0.22340662675358486
GCG0951,0.0002567789646672144,7.910957321805584e-05,0.001453754788274335,0.20357873066135707
KVS0425,0.0008730484798685291,0.00032442813076753756,0.0006290784835793207,0.16080843396040978
UJC0737,0.0008730484798685291,0.00026820326563801355,0.000594337143846387,0.1763147473816809
LUR0896,0.0002567789646672144,9.972869068155407e-05,0.0011885769262220233,0.20333631357025783
MCF0600,0.0005649137222678718,0.0001575487131574631,0.001579223302344862,0.2030810544084051
YIC0195,0.004005751848808545,0.0011555623929041324,0.025526067030982456,0.22918134476483712
SSG0250,0.0005135579293344288,0.00018371510350526627,0.005208750962629281,0.16531157174124614
AMH0464,0.00010271158586688578,4.6843674302778014e-05,5.058805402906887e-05,0.13122705113944338
HJS0072,0.0022596548890714873,0.0008743163232629025,0.007456852544868233,0.1837895382027812
YDN0198,0.0006162695152013147,0.00018591977980068054,0.00035511840386717654,0.18549021485855058
LDB0090,0.001335250616269515,0.0003917996811983183,0.0015333404288006458,0.1914519670692711
MVB0515,0.0023623664749383728,0.0010681298084623163,0.002276462431308099,0.1787136107282633
CAC0889,0.00020542317173377156,0.0001213896415775275,0.0,0.00020542317173377156
JCR0921,0.0004108463434675431,0.00015407548436567985,0.000272046024947107,0.15677034973589665
MNC0717,0.00020542317173377156,8.738575811727992e-05,0.00015176416208720662,0.20324219609960079
FOB0756,0.0017460969597370582,0.0005286035747105227,0.002273897005551515,0.21480895987189352
NCE0097,0.0010271158586688577,0.00029006514881425855,0.001736790231125841,0.20814656303971374
VIA0063,0.009757600657354148,0.0042697937156028825,0.009459866816551615,0.18104347550072816
ILJ0526,0.001386606409202958,0.0005787463348995037,0.007949400880566126,0.1820550413319152
LDD0560,0.001900164338537387,0.000502236823350499,0.022771127156928164,0.2194091065385135
MLG0475,0.00015406737880032867,9.804414626882326e-05,0.0,0.00015406737880032867
BMC0547,0.0007189811010682005,0.0002303650900385214,0.0006605790329905125,0.17022174090955108
QJR0688,0.0012325390304026294,0.0004494520226339281,0.001420732148100792,0.20408336891364662
CKD0680,0.0007189811010682005,0.0002395174041278707,0.00039850123054868957,0.16939930035622988
CAM0102,0.0011298274445357436,0.0003388739854255967,0.0007103307085022397,0.19773332080887857
SHR0334,0.00030813475760065734,9.722416582378292e-05,0.00019647839024030682,0.1862094087367772
LPH0572,0.00010271158586688578,7.469865096011903e-05,0.0,0.00010271158586688578
RLB0719,0.00010271158586688578,4.465707063619006e-05,2.4395575813942977e-05,0.14828925848817334
NCO0666,0.000462202136400986,0.0001687811839505935,0.00028160237162337486,0.16461803311536902
JPW0741,0.0009757600657354149,0.00032160329700036365,0.0028156067290848194,0.17619683025100247
DMG0358,0.0011811832374691864,0.0003644826204017249,0.011955751891546617,0.18311433113780423
TLH0648,0.00015406737880032867,9.804414626882326e-05,0.0,0.00015406737880032867
MSD0939,0.000924404272801972,0.00027419831872302244,0.0010193532247489245,0.19281309013227468
AKC0924,0.0005135579293344288,0.0001752702867385852,0.00031931665508495903,0.1653382490015481
ZSB0649,0.00020542317173377156,8.005024554233754e-05,5.756636787872099e-05,0.15010942503790323
EIP0997,0.0004108463434675431,0.00014566955000788753,0.00027786657457366733,0.16315872311031202
NCK0421,0.000462202136400986,0.00017304438458489734,0.0003556258790235728,0.1684861966971658
NKP0236,0.0010271158586688577,0.00040118162572255734,0.0008713555376378064,0.16742161931024735
BMM0112,0.00020542317173377156,9.715710147540161e-05,0.00015176416208720662,0.148356061362264
SPA0141,0.0011298274445357436,0.0003088007720894763,0.0008107742352936753,0.2000368100819116
OHC0973,0.0002567789646672144,8.276238458654042e-05,0.0001421754905666329,0.17161888377782852
CPG0322,0.0015920295809367295,0.0005481729148720685,0.002963989626864908,0.20667234803135248
BBS0039,0.0010784716516023007,0.0003264949678673327,0.000710901826394456,0.17504288876753965
HVF0067,0.0026191454396055874,0.0011737704609717397,0.0024941179802613934,0.14910452869694527
NRO0768,0.00020542317173377156,9.945139501475445e-05,0.00015176416208720662,0.12420105486669816
MMB0488,0.0008730484798685291,0.0002572567058702068,0.0007946080501723183,0.17455248437698576
LNR0656,0.00020542317173377156,8.248035580209656e-05,0.00027689970299549395,0.1244743392698498
CSJ0340,0.0005135579293344288,0.00017164958218796262,0.0002849814236574391,0.1709190412504442
AKH0758,0.00020542317173377156,0.00010550086637778888,0.00015176416208720662,0.11132906516562739
ASS0517,0.00020542317173377156,0.00010403448786238107,0.00015176416208720662,0.1306543604500264
CIM0926,0.0005135579293344288,0.0002297632184549692,0.00041327527871473196,0.13993363455684893
DAR0885,0.0024650780608052587,0.0006887640695265805,0.004751435991512181,0.22321734264372212
FXF0957,0.00015406737880032867,4.877569982877198e-05,0.00023621041911080478,0.18808572714079078
LAM0911,0.0007703368940016434,0.0002628621043817419,0.0005746502158125184,0.17070703981081406
AKR0057,0.000924404272801972,0.00035100605277009483,0.0010634689333624064,0.1606767351636798
PDH0716,0.0020542317173377154,0.000961827472690879,0.0,0.002054231717337716
CFM0767,0.0007703368940016434,0.00028986248593709004,0.0006678306557943194,0.20390736300080356
SRH0155,0.0008730484798685291,0.00023744446238622267,0.004755457779298366,0.21820970989625127
UFK0208,0.0007703368940016434,0.00020246331330341083,0.0014369340345349226,0.21451412257484126
ASG0048,0.0005649137222678718,0.00018521211719210704,0.0005423450198390462,0.17270856830224174
HPH0075,0.014276910435497123,0.005255394275306584,0.04805870689733677,0.2216665700912494
CTW0500,0.0008730484798685291,0.00026791566454703613,0.0004999708088546258,0.16717878792056853
RNF0765,0.00020542317173377156,8.824065118910353e-05,0.00014019074297013574,0.14573006212519796
HSG0818,0.0005135579293344288,0.00018337043598828248,0.0003197977419299989,0.1634769094492707
MCT0720,0.00010271158586688578,7.469865096011903e-05,0.0,0.00010271158586688578
GNZ0953,0.00010271158586688578,4.976676649084448e-05,5.058805402906887e-05,0.14322654865900136
HLH0512,0.0017974527526705012,0.00045067556316497406,0.001257675922080152,0.20033668602337382
BSH0445,0.0007189811010682005,0.0002834016159617676,0.0005325467951208987,0.13353989929024176
MDM0976,0.0006162695152013147,0.000193211464630461,0.0003517567597382374,0.16565904901757625
CHM0821,0.0012838948233360723,0.0005779741156965822,0.001214113296697653,0.1786409031034211
MHH0180,0.0008216926869350862,0.00024139042265905765,0.00045321644875056947,0.17447321815197278
GTD0116,0.0006676253081347575,0.0002344373623661931,0.006985854597365414,0.15992710082714023
BSS0463,0.00010271158586688578,4.329213417075253e-05,5.058805402906887e-05,0.15652020905479885
BJP0134,0.007600657354149548,0.003453538165386404,0.007436443942273123,0.1549109495407914
LJR0523,0.00020542317173377156,0.0001213896415775275,0.0,0.00020542317173377156
NLO0131,0.00010271158586688578,7.469865096011903e-05,0.0,0.00010271158586688578
EPW0434,0.000462202136400986,0.00017286397775414866,0.0012938888654940464,0.16725459702603482
RRA0938,0.0010271158586688577,0.00026509213005456795,0.00046621716764702696,0.19995439312033564
CCW0524,0.00020542317173377156,0.00010130939702717278,0.00015176416208720662,0.1315002790291257
SHW0578,0.00010271158586688578,7.469865096011903e-05,0.0,0.00010271158586688578
CIM0271,0.002773212818405916,0.0010231310255897474,0.0023591072427676715,0.1963021025884986
PMV0850,0.0004108463434675431,0.00016529797862961884,0.00034599187112711356,0.20342603033281131
MDH0580,0.0010271158586688577,0.0004949175665167953,0.0,0.001027115858668858
CLF0852,0.001335250616269515,0.0003565190504004317,0.010289782169911678,0.22289898874604683
NJB0243,0.0008216926869350862,0.0002936655155739285,0.000565265925642334,0.164348102553908
RFP0380,0.0006676253081347575,0.00023610643158026036,0.0005262250783480613,0.14543356149015177
GCL0016,0.00035949055053410026,0.00011209793203775322,0.00018313632329769363,0.1614532163001241
FSB0399,0.0007703368940016434,0.0002614030610691952,0.0007420254816020611,0.15992432713200722
AOS0987,0.0005135579293344288,0.00019405972102763835,0.0017264146478020302,0.2045133754575179
JNJ0556,0.008114215283483977,0.0036663251882338463,0.02238083074483429,0.1545215597272007
JGT0221,0.0021569433032046013,0.0006230278953342015,0.0034195706744971333,0.20295143153200404
WTF0387,0.0005135579293344288,0.00020745240458025608,0.0010372391100288787,0.14145996081799872
SMB0804,0.0004108463434675431,0.00016368201626646168,0.0005129356472973782,0.14328886703610333
CGF0337,0.00030813475760065734,0.00010122872521955493,0.00018409726757349714,0.19488321619640156
RAG0275,0.0007189811010682005,0.0002538506818122495,0.0005913684414855305,0.1876341085991197
MKS0204,0.000924404272801972,0.00030817739923549663,0.0015026211042058544,0.1748835370438174
IBM0671,0.0008730484798685291,0.00030843808297489656,0.0005576126967415845,0.1657424227042723
BMT0528,0.001848808545603944,0.0008094857846884091,0.0017627400796838661,0.20351133461946916
WSR0241,0.0005649137222678718,0.00017411262517823972,0.0026796672138376444,0.2073788486532141
NSS0876,0.0014893179950698438,0.0003882261717558524,0.0017481263799518784,0.21351078010861566
LRR0148,0.004467953985209531,0.0012829527146664703,0.012656999239902551,0.22765363887817006
TUC0632,0.00020542317173377156,8.664090403921968e-05,0.0004861217269006472,0.1295092917217233
MKL0941,0.0007703368940016434,0.00020850760874005712,0.0003286001333544912,0.19715412099380675
NJC0705,0.00015406737880032867,7.53988447242286e-05,0.00010117610805813774,0.15428370100208041
MMG0943,0.0008730484798685291,0.00024096747283646315,0.005381780658579901,0.20334079752887896
EMB0531,0.00020542317173377156,8.257259259321504e-05,0.0001017084847202187,0.15999647448819396
TAC0300,0.00010271158586688578,5.0877034115065625e-05,0.004916285758307227,0.1292823197630665
KJG0910,0.00020542317173377156,9.527059734895176e-05,0.00015176416208720662,0.14644987676893498
KCO0122,0.0014893179950698438,0.0006669915433885292,0.0013728297152167887,0.12628821025591602
TJB0302,0.00010271158586688578,4.842985291313245e-05,5.058805402906887e-05,0.13683541926827436
FKK0055,0.0042625308134757595,0.0012326206015064237,0.013479487145165071,0.22614616527341447
JXH0493,0.0007703368940016434,0.00023765791608895681,0.0006295209395480555,0.17094755917985258
PRM0740,0.0008216926869350862,0.0002572282117595679,0.00046616250172889454,0.16883170499649078
HKR0628,0.001437962202136401,0.00046486115436498836,0.004115007414455793,0.18357366173820364
MSZ0310,0.0009757600657354149,0.0003006695216225492,0.00554896794498599,0.17218611299081907
BLL0929,0.0010271158586688577,0.0002709889063073505,0.000928892704212973,0.18518103035356992
DSB0731,0.0008216926869350862,0.00024544357978735303,0.0009693338139256025,0.1740155467770188
ALB0892,0.0016433853738701725,0.0004060484620538947,0.0016729615250821006,0.2094657568674588
JKB0126,0.00035949055053410026,0.0001376540590953459,0.00041456469977668936,0.16043072935792607
JIG0128,0.0005135579293344288,0.00019614906580045028,0.00039029226797991125,0.16630439822064222
EHB0824,0.00010271158586688578,7.469865096011903e-05,0.0,0.00010271158586688578
CAA0612,0.0021055875102711586,0.0008216785742116037,0.001859759694650672,0.16457396221527656
ABM0845,0.00010271158586688578,4.242606440133281e-05,4.984274445723738e-05,0.15514030630910025
MJB0588,0.00010271158586688578,7.469865096011903e-05,0.0,0.00010271158586688578
MPT0376,0.0015920295809367295,0.000623440653482012,0.00346622264809212,0.1815818125880653
TET0621,0.0007703368940016434,0.0002549579109656936,0.0005058888728791213,0.1662024822404419
HKI0171,0.0004108463434675431,0.00011569658120282712,0.00011585233641351353,0.17673378405046217
WDV0573,0.00010271158586688578,5.280877147325661e-05,5.058805402906887e-05,0.14346052253099295
BDV0168,0.001386606409202958,0.000404651050803332,0.0008940364834239411,0.17967822788493337
JRL0574,0.00010271158586688578,5.012273687102569e-05,5.058805402906887e-05,0.14083555661360456
NGO0690,0.0005649137222678718,0.00020469334517553812,0.00040131267180644963,0.1639885970165276
BNG0237,0.0006162695152013147,0.00021913143598824964,0.005363927677648101,0.16935263259668934
JMH0543,0.0006162695152013147,0.00022594063735842368,0.0005597149871611871,0.16420469617296327
TAP0551,0.0004108463434675431,0.00013211975297810268,0.00035083262301411673,0.16194376164070354
CKH0144,0.001335250616269515,0.000362773184558117,0.002008588568067015,0.20211954486241876
EIM0156,0.0009757600657354149,0.00028528579968694403,0.0010952530209845709,0.196657961247232
AJN0607,0.0019515201314708299,0.0007127371846320479,0.0038648143524953283,0.2058602850017489
LNS0989,0.00030813475760065734,0.00010628405314000147,0.0003499806146690106,0.20419183134826974
HBB0056,0.000462202136400986,0.00016302901840838913,0.0002705960446908408,0.16316738448911017
IAT0263,0.0005135579293344288,0.00013557367632831857,0.002970247429661355,0.19375301925639743
CBG0398,0.0005135579293344288,0.0001880485661180247,0.00521866327609665,0.15264402883602204
RHP0484,0.0008730484798685291,0.00029823401816355386,0.0056375362742462146,0.16608274089644073
GOK0238,0.0006676253081347575,0.00021769351532873835,0.0005979613535869218,0.17374995178000657
IJM0776,0.0005649137222678718,0.0002516806258693613,0.0004578057784450681,0.14764579752841456
AGB0186,0.00020542317173377156,0.0001213896415775275,0.0,0.00020542317173377156
ARB0881,0.00020542317173377156,9.774117771717042e-05,0.00035411637820348206,0.0903076377697878
CRD0624,0.000924404272801972,0.0002863530253633324,0.0005832670979318494,0.16876990319549823
BER0314,0.0007189811010682005,0.00019687565777137489,0.0008279852150124245,0.19982006903970698
NGC0058,0.002413722267871816,0.0007444410446440636,0.01313431394097496,0.21210127352679933
KNW0644,5.135579293344289e-05,2.5816450732817286e-05,0.0,0.13336221305189774
KSH0569,0.0008216926869350862,0.00032426029675446566,0.0008938237733146833,0.16920967833342518
ENC0234,0.000462202136400986,0.00015098634501692286,0.0007333254191540622,0.15990214103406378
ONW0083,0.0002567789646672144,9.969761743427625e-05,0.00015664581870266392,0.1611259567512837
XHG0902,0.00020542317173377156,0.00010683972433029545,0.00015176416208720662,0.07617605187954282
GHH0288,0.0019515201314708299,0.000836587728034448,0.006912894437081935,0.18009935284408712
NSC0597,0.00010271158586688578,5.029210587539024e-05,5.058805402906887e-05,0.13259512982623345
WKF0012,0.0011811832374691864,0.000402311584349299,0.0016868431931634307,0.17308462427504412
VCC0396,0.002208299096138044,0.0008959561095905013,0.007627774900833762,0.20431851665593861
FIR0920,0.000462202136400986,0.00015607868842988523,0.0023471573366796506,0.20684388151371905
DZC0228,0.000462202136400986,0.0001573403728614178,0.00022719209999239864,0.1557245698352713
RRP0568,0.0020028759244042726,0.0008867573329150443,0.0018223969148755315,0.12519937836051132
DVW0103,0.0005135579293344288,0.00017839171389739475,0.00032378117237813627,0.1596612640955239
ASG0692,0.000462202136400986,0.00016906443295998692,0.00022525432022676325,0.14945979554328662
LQP0508,0.00020542317173377156,0.0001213896415775275,0.0,0.00020542317173377156
PKB0429,0.0005135579293344288,0.00021465296425540484,0.00038987289641669417,0.13579160474395796
CJF0802,0.0006162695152013147,0.000209222980292708,0.0017951323494463445,0.20480408710875073
MKW0441,0.000462202136400986,0.00021019008351906034,0.0003858247661003205,0.13551819547989621
RYB0718,0.00015406737880032867,9.804414626882326e-05,0.0,0.00015406737880032867
BVC0790,0.0035949055053410024,0.0011167801991702558,0.00982461622650617,0.21804459300632162
CTA0020,0.0009757600657354149,0.0003685572653565927,0.0008765443049294602,0.16764686725041295
SLP0762,0.00030813475760065734,0.0001014112279945034,0.00011848322247036847,0.16323092937645867
JMB0308,0.0011298274445357436,0.0003285646311460459,0.0025124271156234048,0.20247459604845774
AES0827,0.00010271158586688578,7.469865096011903e-05,0.0,0.00010271158586688578
DSM0591,0.00010271158586688578,7.469865096011903e-05,2.5679215243182167e-07,0.00010271158586688578
ALC0788,0.00020542317173377156,9.897594342428755e-05,0.00015176416208720662,0.12750536606733875
KBC0054,0.0005135579293344288,0.00016940156009836004,0.0004765468601739704,0.16674346192061262
KCS0173,0.0016433853738701725,0.00045593620641345907,0.005290998172846221,0.19953037134042734
ETR0177,0.0006162695152013147,0.00021796403126302035,0.0005838492710999727,0.16632539644009847
NAF0033,0.0010784716516023007,0.00027589982554447834,0.0005591308137784752,0.1929583429964078
RAS0432,0.000462202136400986,0.00016976730436827866,0.00040033902942132555,0.15624173873750732
BJH0354,0.0007189811010682005,0.00024273577361607615,0.0004517837588941568,0.16332923252310783
RUM0880,0.00267050123253903,0.0009596145154068376,0.011588308837298281,0.2081653587967636
CMM0487,0.0008216926869350862,0.00027393537125212285,0.0005537337050872737,0.16437153963012982
DOL0332,0.00030813475760065734,0.00010339909890503885,0.0001581811044886856,0.18720365466366548
JTS0389,0.0007703368940016434,0.0002764731373692802,0.002220226639301774,0.18129976732318476
RMS0266,0.0007703368940016434,0.0002787762525607799,0.0005836474016091901,0.16958311002291218
BQS0525,0.00231101068200493,0.0007751049908518374,0.0022272718473683633,0.18577048776486735
SSS0345,0.000462202136400986,0.00013940404238615506,0.0005188547232150301,0.19688470712702896
NMS0280,0.0022596548890714873,0.0006922202149589006,0.0036836254286513144,0.211241236061552
KES0729,0.0010784716516023007,0.0003545489598287499,0.0008055695725582822,0.17140832998932695
NUL0471,0.00010271158586688578,7.469865096011903e-05,0.0,0.00010271158586688578
CCM0136,0.00010271158586688578,3.65956174555266e-05,1.2800029403368447e-05,0.1465196884956476
CCM0855,0.0009757600657354149,0.00028154296262148423,0.0010310154199275744,0.2001583905692792
JMW0638,0.00020542317173377156,8.167408393372799e-05,0.0003650304669599203,0.15712296381520177
MTB0620,0.003286770747740345,0.0011723473279168263,0.014593316565898346,0.17857171272700728
DIB0285,0.0010784716516023007,0.0004551579406402658,0.0009147361259090596,0.16242871288175587
AAF0535,0.0008216926869350862,0.0003782798965925424,0.0007588208104360331,0.15735623709998955
BMS0877,0.0011811832374691864,0.00033709586361246906,0.0020358658317911373,0.1910157087416665
MAW0166,0.0012838948233360723,0.00034861864458863006,0.008244964954118182,0.20292463366250016
JZD0888,0.00020542317173377156,0.0001030983372025858,0.00015176416208720662,0.090304100126244
GNS0178,0.0031327033689400163,0.0011893735868359705,0.00399828953029657,0.213096306251016
NMC0486,0.0008216926869350862,0.0002662105792544695,0.0006553786366703364,0.1679705776495922
FDE0117,0.0009757600657354149,0.00031527804211706683,0.0007661148622654491,0.17345905841742001
UCS0227,0.0005649137222678718,0.00018547346318700293,0.005974417058870694,0.1841161446800946
ABC0253,0.0010271158586688577,0.00029799699447438817,0.0018050743220343138,0.18389216580296225
CFG0959,0.00020542317173377156,6.840187983903478e-05,0.0009970892339696673,0.20492697911928345
MCJ0324,0.0008730484798685291,0.0002809096840182415,0.000537463809053735,0.17261157825068724
YCE0983,0.0005649137222678718,0.00016598760663477397,0.0007057738364797107,0.2012768745635108
IHK0841,0.00010271158586688578,7.469865096011903e-05,0.0,0.00010271158586688578
JSA0775,0.00020542317173377156,9.564537633651808e-05,0.00015176416208720662,0.15057515804503438
HAM0985,0.0007189811010682005,0.00020603933483060303,0.0010924878190795594,0.18661263477745182
IAR0694,0.0030299917830731303,0.000811787467795627,0.01882115987619792,0.22213649115141562
KLH0596,0.00010271158586688578,5.385391727705038e-05,5.058805402906887e-05,0.14368406659770222
JLM0364,0.001335250616269515,0.0004220741877142404,0.007779063560424346,0.1760454540687656
JMC0925,0.0006162695152013147,0.00019253976367299169,0.004127634640045014,0.20922811376832734
PNL0301,0.0005135579293344288,0.0002614626134297531,0.0,0.000513557929334429
ATF0274,0.0004108463434675431,0.0001425455143539676,0.0006481051303431427,0.16593032068489852
LTS0860,0.0010784716516023007,0.0003385271796771983,0.0010293508599591775,0.18177510849028314
NAR0981,0.0008730484798685291,0.0003058470477163033,0.0014206872356088871,0.17272474390875495
KBP0008,0.0035435497124075596,0.0010268891954669825,0.011344578618856554,0.2253227806991298
JAJ0849,0.0004108463434675431,0.00012718693583268532,0.0009315428120556668,0.2057270911491324
LJJ0905,0.0002567789646672144,8.885253992000154e-05,0.0003302689026462065,0.20346642871039702
RNL0695,0.0005135579293344288,0.0001780991736166979,0.00031131189386268443,0.16406737806931787
SAH0599,0.00010271158586688578,7.469865096011903e-05,0.0,0.00010271158586688578
KJA0152,0.000462202136400986,0.000200328781653998,0.0003934301925253912,0.15960046760202576
MDH0686,0.003697617091207888,0.0009111682355947756,0.01992512027641415,0.23495679290468557
CEL0561,0.0005135579293344288,0.00017297792751169765,0.0016620259666939494,0.16463860761399524
VSS0154,0.0010784716516023007,0.0004760401242056208,0.0009712463342350412,0.15665050185498378
APG0307,0.00010271158586688578,5.060853632844463e-05,5.058805402906887e-05,0.12790685193040566
DKB0631,0.00020542317173377156,0.0001213896415775275,0.0,0.00020542317173377156
HDL0748,0.0008216926869350862,0.00027520674100484804,0.005384128854483197,0.17060912745160903
BRS0734,0.010065735414954806,0.0037449033450403665,0.021639926508780445,0.21450913230760443
KPC0073,0.0005135579293344288,0.00016213268718581107,0.00044781087887406606,0.16520494873181893
CUD0795,0.000462202136400986,0.00018412186000959366,0.005183231891057378,0.1319688978631198
ARL0034,0.000924404272801972,0.00031715006053958743,0.0006084112944600539,0.16406737806931787
TLK0993,0.00035949055053410026,0.00013693182099043999,0.0006650671479014387,0.13960102669756388
KBB0189,0.001386606409202958,0.0003872179730255503,0.0009430473240851212,0.19598501186921938
LMF0980,0.0008730484798685291,0.0002842451210809989,0.0009366831103922419,0.17923816108193794
HCL0651,0.000924404272801972,0.00042674400223908,0.005721585948333418,0.11766503309374335
PAD0773,0.0017460969597370582,0.0007575701570435413,0.0017082464761467011,0.17900155912412935
BJH0811,0.000462202136400986,0.00016655665400318185,0.00027341138421246966,0.16245732989087003
CRK0916,0.0005135579293344288,0.00020397257333249974,0.00036450693842248865,0.15581140436361368
AAM0658,0.00020542317173377156,0.0001213896415775275,0.0,0.00020542317173377156
OCB0805,0.0005135579293344288,0.00019946646114904514,0.0005554233709887699,0.1474946505528986
DOP0562,0.000462202136400986,0.00018746635367157825,0.0006152302143708301,0.15722744901216315
KJS0618,0.0007189811010682005,0.0002155367163328265,0.0003780380120027658,0.16389823794564282
ADF0397,0.0007703368940016434,0.00026719688090807964,0.0007827233374506198,0.17016833801044223
BBH0810,0.0006162695152013147,0.00021588846716830373,0.0004154392609218485,0.16620847384015136
AAF0791,0.0005135579293344288,0.0002232654274156165,0.0004058239076475311,0.14693293628454165
MAR0955,0.00015406737880032867,6.835367396385911e-05,0.00010117610805813774,0.14612728205603323
HBO0413,0.0010271158586688577,0.00041021255820508754,0.010546810954293188,0.16560847018994132
HSD0457,0.00010271158586688578,4.364445214740605e-05,0.00015176416208720662,0.14157941970905408
YEV0793,0.0005135579293344288,0.0001933742921567602,0.0003712874910481925,0.1669789816821194
GCC0744,0.0007703368940016434,0.00024789626295026085,0.0005377540402827772,0.17059965802242047
JJH0613,0.0023623664749383728,0.000897997028488049,0.010653432532946377,0.20645948650301346
PTH0552,0.0006162695152013147,0.00024287441813089278,0.0005269859050622384,0.15622850295973295
BRM0995,0.0010271158586688577,0.00042938102533986313,0.0019655294639533837,0.16050892218144663
DLF0377,0.0008216926869350862,0.00026982753066687713,0.0007522208538015518,0.14703133750473715
DPM0423,0.0021055875102711586,0.0008486937532264533,0.005583682555045629,0.2059246472289344
ESR0693,0.0019515201314708299,0.0008201556108220385,0.0017444316050540852,0.15937977920752283
XAA0104,0.0009757600657354149,0.0002756998164423412,0.0018289583466043566,0.20890578316339872
ZCF0590,0.00010271158586688578,7.469865096011903e-05,0.0,0.00010271158586688578
COM0321,0.0008730484798685291,0.00027280212767373996,0.0005566004030190345,0.17965022290080052
KBS0874,0.000924404272801972,0.00027282394613247467,0.0004470003371431689,0.17267945984402172
CNE0352,0.0012325390304026294,0.0004482223231814796,0.005761557747706158,0.17325047800202614
KTG0091,0.0010784716516023007,0.00031066268568945933,0.007216912190812942,0.20679285533781497
RAB0589,0.00015406737880032867,5.602504135489019e-05,0.00032641973910173055,0.20342154261443074
HDD0806,0.0039030402629416597,0.0010919258601791793,0.009179087699595679,0.21527032686131128
AMD0077,0.0014893179950698438,0.0004895521135711508,0.0018646286637112354,0.18600657238122864
EZH0736,0.0008216926869350862,0.00027248870445505927,0.0004864113343757542,0.16404402764502785
AJR0932,0.0010271158586688577,0.00028629708398999316,0.0009813586243286661,0.21292408335794483
LBF0214,0.004313886606409203,0.0012090044101408996,0.01113120123157324,0.22478448657267136
CCC0393,0.000462202136400986,0.0001618883738556947,0.00026388394454111424,0.16743986010551634
AAN0823,0.00010271158586688578,7.469865096011903e-05,0.0,0.00010271158586688578
QSV0778,0.00020542317173377156,9.666974746695105e-05,0.00015176416208720662,0.14432726529305814
BDI0533,0.005186935086277732,0.001589666709661057,0.007485971532415169,0.21990095548657576
LRW0970,0.00020542317173377156,9.1568129062273e-05,0.00015176416208720662,0.1513238886353741
HRD0635,0.00030813475760065734,0.00012442311194816002,0.0003088025843422225,0.2032690779137597
NRD0548,0.0005135579293344288,0.00018435830762683495,0.0005062686819890439,0.16815436462831942
JFC0557,0.0029786359901396876,0.0013620232595615892,0.0077348364233989,0.1283787573658864
BYP0070,0.0007189811010682005,0.00023291386519378176,0.0004839145137052816,0.17082405016609709
WXH0872,0.001848808545603944,0.0005833182621103564,0.004023751636707636,0.20916641486102458
ICH0294,0.0031327033689400163,0.0013955989866466705,0.007925965485810413,0.2036461713565927
CCM0467,0.00010271158586688578,7.469865096011903e-05,0.0,0.00010271158586688578
THR0873,0.009757600657354148,0.004094412427323949,0.018870510293033486,0.18355539042989197
JBD0616,0.0020542317173377154,0.0007749341063128188,0.001771138784369617,0.16294536647153338
MAD0496,0.0035949055053410024,0.0008864477565163383,0.008742743655330763,0.2188415188128974
UCH0519,0.00020542317173377156,0.00010524292259854194,0.00015176416208720662,0.1318255118543048
NMF0780,0.00015406737880032867,7.431584105774219e-05,0.00010117610805813774,0.14637083719101296
JKF0465,0.0005649137222678718,0.0001441361259890246,0.0003392192025822328,0.19575617649992755
GQP0743,0.0009757600657354149,0.00028088847803840386,0.0009206714075621514,0.1794020606815537
AIS0405,0.0005135579293344288,0.0001732060903741343,0.0004931541231898387,0.16209464136378293
OCS0865,0.0016947411668036155,0.0005987638098574899,0.0013592552237028854,0.1679277518132386
MCD0125,0.004416598192276088,0.0012477311593868414,0.01872420593113685,0.22976382771920112
ICS0956,0.00020542317173377156,6.41036881900856e-05,7.317698385302213e-05,0.18127125462596377
BSB0990,0.0012838948233360723,0.00034207852520107794,0.0023410763172510684,0.2098948776149423
MYD0978,0.0006162695152013147,0.0002384449404551834,0.00048301289499012715,0.1605564335937741
RDM0150,0.000462202136400986,0.00017727378845976396,0.00038233836363289845,0.1553886709291278
ANM0123,0.0015406737880032868,0.0005642329911749935,0.002953896867412708,0.17209934426302667
AMR0400,0.0005649137222678718,0.0001924501826464489,0.0003426287217891057,0.1523086942996265
AMV0036,0.0009757600657354149,0.00029009648325083317,0.0009564008844763058,0.1975892605333656
THD0448,0.00015406737880032867,7.518079854333581e-05,0.00010117610805813774,0.12881995537808255
NHE0919,0.0004108463434675431,0.00015328934645288163,0.00027836952364652744,0.16062075852775876
RDT0424,0.0015406737880032868,0.0006077596561443008,0.001415129843751152,0.16846157163758804
SJW0451,0.00010271158586688578,4.659120790063786e-05,5.058805402906887e-05,0.14328886703610333
SDB0106,0.0005135579293344288,0.00018975742070117353,0.0002960809748941508,0.14709231862208919
CEJ0109,0.001437962202136401,0.0005848578510365055,0.0016219114747547676,0.15771149469262136
AKW0167,0.0006676253081347575,0.0001979083813805369,0.00044300194648222413,0.1958726076904791
RVF0201,0.0007189811010682005,0.00025656809731730947,0.0004771647384281115,0.15916244752161213
MAH0149,0.0005649137222678718,0.00019985484311885686,0.0004121222250248269,0.1689461577321309
AMR0318,0.000924404272801972,0.00027379449437365166,0.0007992851334051783,0.18567696940166606
FHO0630,0.0007703368940016434,0.0002508339717825695,0.0013208293981763364,0.16487116257258533
JHP0583,0.0020542317173377154,0.0007856438811058207,0.00200868187742093,0.18320892532243546
MJS0890,0.00020542317173377156,9.669611383219183e-05,0.00015176416208720662,0.13721415170704282
AHM0410,0.0027218570254724734,0.0011281551737051473,0.004743594787076904,0.18620188839071591
LHN0151,0.00030813475760065734,0.0001361297103201608,0.00025294027014534435,0.15903342990334568
ALD0544,0.0004108463434675431,0.0001555757705296295,0.0002780638440736859,0.16056202502095332
SBQ0786,0.00020542317173377156,7.163358440321435e-05,9.304730390379389e-05,0.1585330711334377
BWH0813,0.0005135579293344288,0.00017790010464681708,0.0002796584006091413,0.16051171619201599
GRM0868,0.0007703368940016434,0.00024266286920601737,0.00040103236976389274,0.17092537774578687
AIP0982,0.006727608874281019,0.00290311439396956,0.00645889371075531,0.17418648058447864
DVM0265,0.0005649137222678718,0.00020334572399626155,0.0013186236034777366,0.20580514939215566
IKR0401,0.0019515201314708299,0.0007682728134398052,0.0018287439233629675,0.167354770382875
IUY0279,0.0005649137222678718,0.0001916351076759397,0.012483334037628087,0.20679285533781497
RAM0447,0.00035949055053410026,0.00011481275607813678,0.00016659891854396098,0.16386619898067117
BAM0636,0.00020542317173377156,9.588016785822596e-05,0.00015176416208720662,0.1226481803071305
LDG0459,0.0006162695152013147,0.00027245444580647083,0.0005564685943197575,0.20327804009878064
AWM0764,0.00020542317173377156,9.257059435102879e-05,0.00015176416208720662,0.14514740338495066
FMG0527,0.00020542317173377156,9.69458705006989e-05,0.00015176416208720662,0.15729181669366105
UAD0771,0.0017460969597370582,0.0008009718489224052,0.0016694057829592726,0.13841495704557802
MES0407,0.0006162695152013147,0.00023210781072260134,0.0005412563370492042,0.15485111576373212
CSH0626,0.0007189811010682005,0.00024717084155907504,0.0006842239324436452,0.16690040120439176
IRT0491,0.0008216926869350862,0.00024916012335255794,0.0005047237748750087,0.17071652116490948
LQC0479,0.0007703368940016434,0.00025838284848132565,0.0004980325647455337,0.165219749257592
CEB0210,0.0014893179950698438,0.00041664853892214436,0.0006663926425477004,0.17236957904759911
AIM0627,0.0008216926869350862,0.00026410035087748876,0.0006639060303270228,0.17133826015591283
MVF0594,0.00010271158586688578,4.569537303499865e-05,5.058805402906887e-05,0.15566147821803483
UBF0645,0.00020542317173377156,0.0001213896415775275,0.0,0.00020542317173377156
FRR0832,0.00010271158586688578,5.109081847540737e-05,5.058805402906887e-05,0.1288163561756133
ARB0834,0.00010271158586688578,7.469865096011903e-05,0.0,0.00010271158586688578
OQH0183,0.0004108463434675431,0.00012845623516308014,0.00017264071064740377,0.16621446587187075
GJT0386,0.0007189811010682005,0.00024421411918756393,0.0003901719255701751,0.13875236908264563
GCS0571,0.0010271158586688577,0.0004816542617700298,0.005822248472086693,0.10933188856871143
FGW0853,0.0011811832374691864,0.00032005604875946997,0.001218150808389156,0.20225254303852336
CFW0264,0.000924404272801972,0.00029661274103604473,0.0053884056377490625,0.1706028143820172
AJP0723,0.00020542317173377156,8.534314771782507e-05,0.00015176416208720662,0.1828383842946679
PLH0715,0.00015406737880032867,7.315594889051172e-05,0.00010117610805813774,0.14277414574612854
DTT0076,0.0009757600657354149,0.00032440155641569595,0.013413076581263667,0.17865820907611213
HDD0789,0.0010784716516023007,0.0003006386499110041,0.003844603857383123,0.19978976276860558
BAH0875,0.0010271158586688577,0.0003050377798588433,0.0005163709176819398,0.17326675528135588
DGF0443,0.0005135579293344288,0.00018576414779536185,0.0006641716335020439,0.15944040765198092
HKB0418,0.0005135579293344288,0.00019334089111825532,0.005231964829422259,0.1596336235848042
JCG0316,0.004005751848808545,0.0014638684589476291,0.01081829257779487,0.2212304750648586
MKP0861,0.000924404272801972,0.0002672552303354151,0.0016862821532940284,0.1870327843157072
TPH0474,0.00015406737880032867,7.4995237673318e-05,0.00010117610805813774,0.13791809292671595
HLM0933,0.0012325390304026294,0.0003400033586554837,0.0013889216509300492,0.20679285533781497
CKB0427,0.0006676253081347575,0.00027225015005253277,0.0005325771527341266,0.13907045247216762
KKS0119,0.0015406737880032868,0.00048122669281320315,0.001976904566289724,0.19539114935510596
CRP0456,0.00010271158586688578,7.469865096011903e-05,0.0,0.00010271158586688578
NHH0185,0.00020542317173377156,6.532903898244041e-05,6.439778651025932e-05,0.16727280144290463
HAC0282,0.0005135579293344288,0.00017689329313090222,0.00044865844477442156,0.15446720131234076
TEB0251,0.000462202136400986,0.0001514408095995544,0.005071404678005679,0.17031606313094333
ALH0402,0.0005649137222678718,0.0002268881570485924,0.005317061548959953,0.1581225714594034
MCF0327,0.0008216926869350862,0.0002538419087394787,0.0006117616603236118,0.1721218314609331
VEB0935,0.0006676253081347575,0.00017379757935352767,0.0003540535856002126,0.20004114969879572
KMS0657,0.00020542317173377156,9.786622790393948e-05,0.00015176416208720662,0.10464433076223041
JCW0858,0.0011298274445357436,0.00031038352494539196,0.0029171902409376466,0.20873081425510936
KPP0452,0.00010271158586688578,5.109081847540737e-05,5.058805402906887e-05,0.1288163561756133
MSG0839,0.00010271158586688578,7.469865096011903e-05,0.0,0.00010271158586688578
HCS0003,0.004827444535743632,0.0018621776498871133,0.004444568702360916,0.18254519714414638
MKG0711,0.00010271158586688578,5.385391727705038e-05,5.058805402906887e-05,0.14368406659770222
QPM0727,0.0009757600657354149,0.00030728705312584904,0.0005559881293045704,0.1691786332493801
ONL0276,0.0011298274445357436,0.0003551493727346002,0.006631873444442571,0.2046904295579395
EDA0684,0.0005649137222678718,0.00017647395319804072,0.004247413385077994,0.2072576576109695
BCM0653,0.00020542317173377156,9.786622790393948e-05,0.00015176416208720662,0.10464433076223041
JAM0382,0.0005135579293344288,0.0002000098577843584,0.00035888271200528143,0.1349845460272551
ZJS0269,0.0012838948233360723,0.00036965053339740867,0.0010198033404480754,0.20625167624986496
XHW0498,0.0012838948233360723,0.00044632577918783596,0.0008982928405479893,0.16533231997742323
DLM0051,0.01689605587510271,0.006436669206760731,0.034941243378137164,0.23732731455186373
EJW0884,0.00020542317173377156,9.561047571408683e-05,0.0007588208104360331,0.11086060144320617
CLS0296,0.00010271158586688578,5.119768655784073e-05,5.058805402906887e-05,0.12487384386959866
HSP0290,0.00010271158586688578,5.012273687102569e-05,5.058805402906887e-05,0.14083555661360456
AGB0643,0.00020542317173377156,7.914685696044327e-05,0.0001174867032222556,0.1552395568228295
WAB0143,0.0006676253081347575,0.0002104579977720369,0.0005392138830800912,0.2006898635574165
RBB0485,0.000924404272801972,0.00029644767862206005,0.0005675276787080304,0.16561739362102212
MHG0244,0.0006162695152013147,0.00019349150677511515,0.0011689543653873827,0.20696923440751558
WKD0013,0.0008730484798685291,0.0003048848377766883,0.0011165711534337356,0.17577363139070784
MLL0598,0.0002567789646672144,0.00014473513688623176,0.0,0.0002567789646672145
JNA0559,0.0005649137222678718,0.00020745193916736157,0.000515773218257352,0.154177934472112
DID0650,0.00020542317173377156,0.0001213896415775275,0.0,0.00020542317173377156
AJC0840,0.00010271158586688578,7.469865096011903e-05,0.0,0.00010271158586688578
GCS0518,0.00020542317173377156,7.837906607386867e-05,0.00010154377669037243,0.16316449726066937
JOM0750,0.0008216926869350862,0.0002757750192282447,0.0005651241962116449,0.1676133461048804
HGH0595,0.00010271158586688578,4.9530758477887446e-05,5.058805402906887e-05,0.15324270748167085
HCM0267,0.00960353327855382,0.004160780829030774,0.00946948443318475,0.1704356881094374
WVB0539,0.0010271158586688577,0.0003118938861152733,0.0024726174122592483,0.1726277356935878
IDO0176,0.0012838948233360723,0.0003333550724114056,0.0016381669154028821,0.2010486719781277
LCD0622,0.0007703368940016434,0.0002401692471446061,0.0006553023271275132,0.16765906008238113
FFC0891,0.0016433853738701725,0.0006752189870341351,0.0017325114601370827,0.20383524323715585
FBW0747,0.0009757600657354149,0.0003291617554551055,0.001604309918888498,0.18425594852462984
ASD0577,0.00010271158586688578,7.469865096011903e-05,0.0,0.00010271158586688578
TSM0927,0.0005135579293344288,0.00019140915745284796,0.00035225167413987986,0.160858928989696
JBM0350,0.000924404272801972,0.0002706230618349462,0.0007588740158558262,0.17808199800965321
VTT0385,0.0007703368940016434,0.0002844480946357125,0.0008007601266558006,0.1531765212744643
IEB0153,0.0004108463434675431,0.00013922435877092415,0.0009064021381513459,0.1647857180170815
SAB0781,0.002773212818405916,0.0012692913153976896,0.012385855888244054,0.1308843220646947
ILC0838,0.00010271158586688578,3.8759729322111356e-05,9.796463608221636e-07,0.1453464501302907
PLH0862,0.0011298274445357436,0.000342260721802803,0.0006792918084525236,0.17392036394731725
EHR0096,0.0006162695152013147,0.00020004709641528392,0.00040253697034263317,0.19002373630237376
JMD0520,0.0021569433032046013,0.00099346442371678,0.016640388269734477,0.11019289817748266
MLD0755,0.0008216926869350862,0.00026235465123076773,0.0005475888398891636,0.1670667164782237
ADD0846,0.00010271158586688578,4.3135903391822496e-05,3.931976532410449e-06,0.13306007714256002
IJW0851,0.0008730484798685291,0.00023617075815631283,0.0004451241329377857,0.1846211733978204
ORG0339,0.0002567789646672144,0.00010210351638728625,0.00015476391479610351,0.15565885051007097
BTW0005,0.0029786359901396876,0.0008460331548911762,0.01099797932937523,0.22447257850069594
GLR0975,0.0006162695152013147,0.0002094907775690682,0.0004013569958825752,0.162180169654144
HIW0536,0.0006162695152013147,0.00022740767827934174,0.0003982956601874068,0.142432314366667
SAP0867,0.0011298274445357436,0.0003234148201222276,0.0008571556659645423,0.1906365957047486
AQD0820,0.000462202136400986,0.0001757856839926029,0.00034086295831004074,0.1605788016394131
HAD0246,0.0035435497124075596,0.0009753930312008605,0.01212138497889882,0.22381875106959812
CAM0681,0.001386606409202958,0.0005351676080998547,0.001178562765950199,0.16951452420543306
BLS0678,0.0005135579293344288,0.00016578086822336915,0.00042144699086521157,0.16734869585468076
SRS0231,0.000924404272801972,0.00032767126158091375,0.0006000363001821225,0.1617250588152699
CHG0146,0.0007189811010682005,0.0002408678402002527,0.0006193640278366052,0.1675554775076698
ZFM0468,0.00010271158586688578,7.469865096011903e-05,0.0,0.00010271158586688578
PKB0281,0.000462202136400986,0.0001905392009377702,0.0003803454090334259,0.15946246579693799
DGN0480,0.0008216926869350862,0.0002422219784516691,0.00045259412180138914,0.16786355398889233
MDM0625,0.00924404272801972,0.004098150615437743,0.013802490558949238,0.16751286305107205
ECF0828,0.00010271158586688578,7.469865096011903e-05,0.0,0.00010271158586688578
PIS0522,0.00020542317173377156,9.69458705006989e-05,0.00015176416208720662,0.15729181669366105
ASS0206,0.0011298274445357436,0.00029573640753902293,0.0005965830113395629,0.19524634621652298
HAH0248,0.0005135579293344288,0.0001759962713775819,0.00029988164057198006,0.16800730289864785
MBW0809,0.000462202136400986,0.00017832689681605073,0.00032985780054990504,0.16093753987557205
CLH0703,5.135579293344289e-05,5.135315565141478e-05,0.0,5.135579293344289e-05
JIM0095,0.0010784716516023007,0.00032777281575626825,0.0006752453065163878,0.19572709032700802
BEH0615,0.0016433853738701725,0.000495426097884668,0.013294705777121996,0.1891311943705881
DPS0262,0.0005649137222678718,0.0001961769374751736,0.005268026046018142,0.18453619412111308
GCR0554,0.0005649137222678718,0.0002001691960964232,0.000995414896434569,0.16390989158480954
TJG0582,0.00010271158586688578,7.469865096011903e-05,0.0,0.00010271158586688578
AMH0794,0.0005135579293344288,0.00017750292149647755,0.0009782031033741154,0.1576360030419577
MIB0904,0.00020542317173377156,8.76653414409878e-05,0.00015176416208720662,0.15146308389426388
KWC0004,0.0011811832374691864,0.0003625356859786617,0.005610307989819326,0.17869283108261882
CAN0842,0.00010271158586688578,3.700460537653766e-05,3.1825939986556144e-06,0.15444909033860957
AAL0706,0.00010271158586688578,5.275200095184624e-05,5.058805402906887e-05,0.14354762192742193
IJM0139,0.00010271158586688578,7.469865096011903e-05,0.0,0.00010271158586688578
TMA0069,0.000462202136400986,0.00015629476132588877,0.0002532232625173645,0.15498124821951909
DLS0383,0.0006162695152013147,0.00022547045979735313,0.000460852500954251,0.14895038188139917
ROB0272,0.0011811832374691864,0.00035410993170801697,0.005769419886072882,0.2040517557384091
YWW0660,0.00020542317173377156,9.616076889146437e-05,0.00015176416208720662,0.13975971832732126
PGC0066,0.0008730484798685291,0.0003290421981767118,0.000649502541232261,0.15731328430092448
KAT0489,0.0008216926869350862,0.0002429012326027718,0.0005926907040907283,0.17199341228147985
HMW0713,0.00010271158586688578,4.976676649084448e-05,5.058805402906887e-05,0.14322654865900136
RHY0079,0.0009757600657354149,0.00034656600016535425,0.0010455654060211807,0.16475921874587188
GAF0570,0.0005135579293344288,0.00020427998107527912,0.0038113607072652665,0.16477393951092872
AMM0014,0.0012325390304026294,0.0003515736642730894,0.002423894718408167,0.20999047666194137
OLB0749,0.0008216926869350862,0.0002542164752301994,0.0005577163566739639,0.17061228416161708
SMW0084,0.0005649137222678718,0.0001987418181097966,0.00040836192707633545,0.16915380538300093
KDT0346,0.0004108463434675431,0.00011348979995566236,0.0002456019914616768,0.1970066939983728
DBW0483,0.0007189811010682005,0.00024566287035921483,0.0004906557587223728,0.16862793061657455
BEC0505,0.0008730484798685291,0.0002509929100055607,0.0003925542716873848,0.16861251320577533
WGS0516,0.00020542317173377156,0.00010376259136175637,0.00015176416208720662,0.13250176840477412
CCL0068,0.0015920295809367295,0.0006127110631093243,0.0013274616602076941,0.1630260303552918
NCH0179,0.0011298274445357436,0.0003179951010134457,0.0008427458469600081,0.19789882531073064
IMP0530,0.00020542317173377156,8.626485688893585e-05,0.00010389275952311685,0.15217547493486766
SOB0586,0.00010271158586688578,7.469865096011903e-05,0.0,0.00010271158586688578
MLP0668,0.000462202136400986,0.0001615778544356368,0.00022815251230700177,0.16401193166210148
LCC0819,0.0011811832374691864,0.0004692809140407358,0.0009434572176665712,0.16236007317634654
KAL0395,0.0005135579293344288,0.0001839331377552685,0.00033881244457437034,0.15858214709296067
SNC0187,0.0025164338537387015,0.0010704548981726922,0.012064466253772282,0.18532618134559672
RAR0725,0.0008216926869350862,0.0003466169025697983,0.0007106163224427707,0.16412578322326057
CXC0336,0.00035949055053410026,0.00011133490369475498,0.00021536142330789935,0.1809546546816629
MAH0864,0.0010784716516023007,0.0003051220158964169,0.0005095293664413663,0.17906412824306664
RJB0088,0.0008216926869350862,0.00027773459646809727,0.0005733657322147442,0.17527246630248983
JJB0127,0.0005135579293344288,0.00020254552234491344,0.0005309125027617445,0.16222582165781155
BSA0431,0.0005135579293344288,0.0001684935755976345,0.0006225558088853144,0.1701934646119074
GTD0898,0.00020542317173377156,0.0001213896415775275,0.0,0.00020542317173377156
FTM0406,0.0006676253081347575,0.0002492266600020368,0.0004397402849771992,0.15827184483382117
FLM0213,0.0008216926869350862,0.00025355299071463635,0.0008483762106595115,0.19573955477123742
CLB0774,0.006162695152013147,0.0028142698094545233,0.03019695958091521,0.13187452988581413
TRK0914,0.0005649137222678718,0.00023903052041451432,0.0004224725170181543,0.1494162025479164
EGD0132,0.0010784716516023007,0.0005182630618254994,0.0,0.0010784716516023007
HWM0342,0.0004108463434675431,0.00015946144667693536,0.0002533873988233275,0.16036655650815815
POB0343,0.0004108463434675431,0.00011950433052477702,0.0003283188300488966,0.18549767782699159
LDM0587,0.00010271158586688578,7.469865096011903e-05,0.0,0.00010271158586688578
PBP0002,0.0008730484798685291,0.00028055665114865746,0.0005175931034260974,0.17278947664578873
NAB0801,0.000462202136400986,0.0001586894134490412,0.00031301742347615227,0.16224294778595463
PPF0435,0.0006676253081347575,0.00027122986422087314,0.0005636134220695673,0.13729382938307594
